Date,W60,W63,W67,W70,W73,W74,W78,W80,W81,W115,W116,W118
Jan-00,8.658709677,14.0296875,14.7503125,6.8125,11.21,6.451290323,12.1259375,4.225625,19.2128125,6.258125,5.9346875,17.045
Feb-00,8.733,14.01965517,14.67793103,6.804137931,11.41827586,6.6,12.17241379,4.057586207,19.05172414,6.288275862,5.97,17.37068966
Mar-00,8.86375,14.0259375,14.593125,6.705625,11.5934375,7.0190625,12.2140625,3.8975,18.959375,6.2846875,5.8615625,17.6804
Apr-00,8.993333333,14.01903226,14.47032258,7.023870968,11.77774194,7.241,12.26387097,4.345806452,18.85677419,6.298387097,5.785483871,17.95
May-00,9.336875,14.23741935,14.35387097,7.21483871,11.74096774,7.929032258,12.29354839,4.431935484,18.79806452,6.378387097,5.841935484,18.21129032
Jun-00,9.56,14.76548387,14.82258065,7.114193548,11.34806452,8.487741935,12.60096774,5.155806452,20.4915,6.422258065,5.9,18.30129032
Jul-00,9.6465625,15.6496875,17.5121875,5.9409375,11.63125,8.251875,13.705625,3.885625,26.64142857,6.2084375,7.47,17.5115625
Aug-00,9.8934375,17.26548387,18.97967742,5.184516129,10.73032258,8.554193548,14.31677419,4.600322581,28.94935484,6.456451613,,16.73896552
Sep-00,9.887333333,17.25933333,19.63133333,6.358666667,10.12733333,8.474666667,14.93966667,5.695666667,28.03166667,6.715555556,,17.794
Oct-00,9.89625,17.1353125,19.3703125,7.1821875,10.9359375,8.3584375,15.10076923,5.535625,27.6,7.735,8.793636364,18.5215625
Nov-00,9.448387097,16.97333333,19.32133333,7.18,11.22966667,7.991612903,15.22166667,3.948666667,27.344,7.975333333,8.316666667,18.936
Dec-00,9.0053125,16.75076923,19.3016129,7.27,11.45129032,7.945483871,15.32967742,4.096129032,27.13806452,8.269354839,7.938387097,19.24741935
1-Jan,9.170967742,16.51758621,19.2134375,7.4725,11.6415625,7.950645161,15.389375,4.204375,26.7371875,8.5359375,7.8215625,19.52125
1-Feb,8.770344828,16.32241379,19.15,7.403103448,11.845,7.930344828,15.4462069,4.122413793,26.36857143,8.704137931,7.67862069,19.69310345
1-Mar,9.164375,15.55612903,18.5346875,6.584193548,11.3384375,7.6,15.10548387,3.548709677,25.244375,8.280645161,7.253548387,18.09103448
1-Apr,9.269333333,15.12548387,18.25,5.896129032,10.6336,7.42,14.78258065,3.452903226,24.39625,7.645806452,6.359032258,19.12115385
1-May,9.57,14.3178125,17.6121875,5.2390625,9.4303125,8.07516129,14.38875,3.9165625,22.57,6.7190625,4.94375,18.84230769
1-Jun,10.17516129,13.91741935,16.9221875,6.192258065,9.186129032,8.881612903,14.09806452,4.633548387,22.00333333,6.7059375,4.620322581,18.7816
1-Jul,9.9021875,16.1059375,18.5809375,5.431875,11.8184375,8.09,14.854375,4.1590625,29.282,7.063125,5.409545455,17.54689655
1-Aug,9.811935484,17.140625,19.4125,4.971875,9.965625,8.29,16.03125,3.91625,30.31294118,6.61625,7.626,17.586875
1-Sep,9.900967742,17.08483871,19.30032258,5.774193548,9.200645161,8.419666667,16.61548387,4.799677419,29.84,6.903225806,8.302580645,18.38533333
1-Oct,10.0103125,16.639375,18.876875,6.7415625,10.156875,8.3521875,16.7321875,5.011875,29.24689655,7.8228125,8.001875,19.18225806
1-Nov,10.18903226,16.50766667,18.78233333,7.138333333,10.74366667,7.995483871,16.792,4.87,28.90466667,8.406333333,7.828666667,19.62966667
1-Dec,9.430322581,16.365625,18.6825,7.3290625,11.115625,7.888387097,16.8709375,4.5009375,28.5790625,8.7665625,7.47375,19.970625
2-Jan,9.496875,16.2290625,18.5896875,7.39875,11.4171875,7.994516129,16.9146875,4.48,28.27875,9.03625,7.2690625,20.2275
2-Feb,9.451034483,16.1762069,18.53068966,7.433333333,11.73482759,7.932857143,16.94137931,4.375862069,28.01,9.228275862,7.173448276,20.58
2-Mar,9.4534375,16.0784375,18.4140625,7.3809375,11.944375,7.846875,16.95625,4.290625,27.6471875,9.3628125,7.0178125,20.78
2-Apr,10.07548387,16.0916129,18.29096774,7.417741935,12.15516129,8.111935484,16.96419355,4.503870968,27.33322581,9.435806452,6.835483871,20.95222222
2-May,10.4746875,16.20548387,18.13677419,7.70483871,12.32645161,8.8484375,16.98387097,4.786774194,26.98903226,9.307741935,5.881290323,21.04774194
2-Jun,10.47466667,16.64333333,18.04233333,7.813333333,12.53566667,8.817333333,17.103,5.626666667,27.29233333,9.337666667,5.202666667,20.65533333
2-Jul,10.238125,19.56125,20.3753125,6.9365625,14.49424242,7.9278125,18.0025,4.39173913,31.6128125,9.18625,7.476521739,19.686875
2-Aug,10.79032258,20.45387097,22.33483871,6.634516129,13.41548387,8.718064516,20.119375,4.46,33.21709677,8.760322581,9.284193548,19.53258065
2-Sep,10.56741935,19.89833333,22.58566667,7.356,11.45333333,8.342666667,21.00666667,5.470666667,33.171,9.425666667,9.664666667,20.64966667
2-Oct,10.4234375,19.6665625,22.39875,7.961875,12.106875,8.2746875,21.1553125,5.610625,32.785,12.05125,9.3840625,21.1771875
2-Nov,10.21166667,19.422,22.29666667,7.973666667,12.482,8.082666667,21.18166667,5.063333333,32.382,13.48166667,9.169666667,21.49366667
2-Dec,10.12967742,19.28032258,22.25387097,8.066774194,12.79096774,8.073870968,21.14419355,5.008387097,32.10870968,13.66548387,8.940967742,21.75483871
3-Jan,10.09964286,19.1628125,22.359375,8.203125,13.100625,8.026875,21.0928125,4.9784375,32.0475,13.7571875,8.8284375,21.9309375
3-Feb,9.907931034,19.04535714,22.26321429,8.094285714,13.29357143,7.94,21.03892857,4.7225,31.88464286,13.76357143,8.745714286,22.15928571
3-Mar,10.03516129,18.98193548,22.26258065,7.966451613,13.42677419,7.880454545,20.98935484,4.62516129,31.72967742,13.74032258,8.617419355,22.38
3-Apr,9.964516129,18.91483871,22.2683871,8.046129032,13.53193548,7.76516129,20.98548387,4.294193548,31.59096774,13.72419355,8.548064516,22.52774194
3-May,10.2183871,18.67258065,22.08677419,7.652903226,12.82516129,8.211935484,20.86612903,3.823870968,31.29096774,13.21451613,7.138064516,22.64516129
3-Jun,10.7103125,18.18677419,21.94645161,7.569032258,11.79096774,8.69375,20.6516129,4.408181818,31.08677419,12.10516129,6.079354839,22.65741935
3-Jul,10.93645161,19.52677419,22.85451613,6.677741935,13.30774194,8.7,21.21806452,5.535909091,32.67774194,13.2,6.246666667,21.20645161
3-Aug,11.1665625,21.01935484,24.42032258,7.355806452,13.42516129,8.73625,22.60064516,5.849677419,34.92709677,10.29645161,9.548333333,20.56096774
3-Sep,11.20258065,21.43833333,25.549,7.854333333,12.61766667,8.411935484,23.23666667,6.141,36.15,10.70633333,9.621333333,21.25033333
3-Oct,10.82774194,21.245,25.5,8.5640625,13.040625,8.1678125,23.54318182,6.134375,35.5853125,13.516,8.9578125,22.2296875
3-Nov,10.38612903,21.00966667,25.34766667,8.694333333,13.40066667,8.031290323,23.53666667,5.782580645,35.11333333,14.868,8.764666667,22.74433333
3-Dec,10.1946875,20.76129032,25.26419355,8.712903226,13.67967742,7.9565625,23.48967742,5.3953125,34.77483871,15.17612903,8.673870968,23.03645161
4-Jan,10.09129032,20.6103125,25.189375,8.81875,13.925,7.921612903,23.42,5.211875,34.5009375,15.24625,8.636875,23.2315625
4-Feb,9.90862069,20.47,25.11551724,8.851034483,14.10586207,7.866206897,23.34068966,4.893793103,34.19827586,15.24517241,8.569310345,23.42862069
4-Mar,9.981612903,20.34451613,25.02258065,8.668064516,14.00516129,7.741612903,23.25032258,4.600645161,34.05129032,15.2415,7.907096774,23.53225806
4-Apr,10.36266667,20.2716129,24.8983871,8.828064516,14.14645161,7.891,23.18322581,4.837096774,33.93354839,15.13416667,7.365806452,23.62967742
4-May,10.62612903,20.24322581,24.81064516,9.049677419,14.42419355,8.491935484,23.19419355,5.212903226,33.74806452,15.09322581,7.115483871,23.70580645
4-Jun,11.26966667,20.67677419,24.84166667,9.358333333,14.336,8.578333333,23.37266667,5.464666667,33.846,15.48733333,6.944666667,23.76733333
4-Jul,10.93451613,21.2846875,25.628125,7.9496875,14.05368421,8.546666667,23.994375,5.4275,35.015,16.20428571,7.0621875,22.8415625
4-Aug,11.28333333,22.45677419,27.00129032,7.71516129,12.56652174,8.39,24.68032258,5.822258065,36.97322581,16.97444444,7.859677419,22.15258065
4-Sep,11.287,22.9425,27.887,7.729333333,11.91633333,8.232666667,25.35066667,5.825333333,37.76366667,16.04,,22.86833333
4-Oct,10.4103125,22.46,27.4730303,7.940909091,11.91060606,7.8215625,25.46030303,5.362121212,37.3969697,15.98454545,8.31,23.52666667
4-Nov,10.165,22.1,27.0540625,7.983125,12.18625,7.776333333,25.3684375,5.259375,36.87375,16.279375,8.1378125,23.85875
4-Dec,10.0783871,21.89,26.81212121,7.90969697,12.24030303,7.713225806,25.23333333,4.9153125,36.31545455,16.27454545,7.718484848,24.06454545
5-Jan,9.927096774,21.68384615,26.58636364,7.89,12.43121212,7.691935484,25.11424242,4.805151515,35.99909091,16.18606061,7.503030303,24.21757576
5-Feb,10.01714286,21.58625,26.336,7.847333333,12.63166667,7.631071429,24.961,4.659,35.679,16.04866667,7.384,24.34
5-Mar,10.07580645,21.43454545,26.24272727,7.718484848,12.76818182,7.555806452,24.84515152,4.42030303,35.43151515,15.94030303,7.113636364,24.4330303
5-Apr,10.50866667,21.30870968,26.07032258,7.40625,12.451875,7.618333333,24.7340625,4.0953125,35.175625,15.80375,6.5353125,24.4878125
5-May,10.87483871,21.11515152,25.82606061,7.039090909,11.97818182,8.401612903,23.34181818,4.397272727,34.78454545,10.92181818,5.166666667,24.38181818
5-Jun,9.968064516,20.725,25.219375,6.02625,10.190625,8.0053125,22.25764706,3.772857143,34.31735294,8.3753125,4.311875,24.21090909
5-Jul,11.55741935,21.36727273,25.72151515,6.456666667,10.85393939,8.663548387,23.16909091,5.806,35.24333333,9.38969697,5.047692308,23.11913043
5-Aug,11.7583871,22.33666667,26.74030303,6.947272727,10.665,8.445151515,24.49757576,5.872424242,37.08666667,10.18714286,7.5508,23.15212121
5-Sep,11.82733333,22.180625,26.6390625,7.205588235,11.32153846,8.453846154,24.7303125,5.818823529,36.78375,10.6528125,7.334375,23.83125
5-Oct,11.598125,21.92636364,26.31363636,7.942424242,12.02242424,8.016,24.69060606,5.7475,36.18636364,12.67848485,7.211818182,24.28787879
5-Nov,11.0983871,21.6559375,26.0475,8.11625,12.5625,7.9459375,24.56566667,5.5365625,35.7325,13.435,7.2184375,24.528
5-Dec,10.24645161,21.43363636,25.86105263,8.190606061,12.89,7.822258065,24.47939394,5.2585,35.36575758,13.64666667,7.197916667,24.67424242
6-Jan,10.2225,21.25121212,25.72545455,8.11969697,13.08030303,7.70030303,24.34484848,4.89,35.13454545,13.73909091,7.101515152,24.78030303
6-Feb,10.34166667,21.09566667,25.625,8.193333333,13.26566667,7.773666667,24.243,5,34.91433333,13.81733333,7.104666667,24.908
6-Mar,10.2109375,20.9969697,25.41615385,8.163333333,13.42,7.637272727,24.15242424,4.95,34.70545455,13.85636364,6.962727273,25.03454545
6-Apr,10.74966667,20.88612903,25.29774194,8.047419355,13.31580645,7.982666667,24.02548387,4.630740741,34.51032258,13.67709677,5.404193548,25.08064516
6-May,11.3478125,21.006875,25.2134375,8.53625,13.8690625,8.6721875,23.97606061,5.5303125,34.3828125,13.4696875,5.2125,25.1715625
6-Jun,11.60516129,21.34096774,25.2283871,9.054193548,14.14096774,8.641935484,24.08032258,6.098235294,34.45387097,13.85741935,5.342413793,25.14354839
6-Jul,11.73483871,22.1653125,26.27424242,7.56,14.733125,8.551612903,24.8646875,6.211578947,35.9584375,15.9446875,6.6175,23.208125
6-Aug,11.1296875,23.023125,27.07125,7.5003125,11.9621875,8.4865625,25.6434375,6.275625,36.874375,16.8475,7.847222222,23.06625
6-Sep,11.45064516,22.87387097,26.81903226,7.697741935,11.08193548,8.084193548,25.71,6.098387097,36.56225806,16.11870968,7.642903226,23.71
6-Oct,11.08625,22.5065625,26.4659375,8.1875,12.1175,7.8759375,25.54875,5.99375,36.1534375,15.399375,6.9325,23.991875
6-Nov,11.18064516,22.309,26.17193548,8.281612903,12.58258065,7.775806452,25.35516129,5.698064516,35.83483871,15.20903226,6.911290323,24.22935484
6-Dec,10.35870968,22.1159375,25.9403125,8.1546875,12.819375,7.710322581,25.17875,5.4028125,35.5640625,15.138125,6.893125,24.3834375
7-Jan,9.9703125,21.938125,25.7534375,7.990625,13.0309375,7.5734375,25.055,5.00375,35.308125,15.07625,6.2990625,24.4796875
7-Feb,9.531034483,21.86166667,25.56068966,7.609310345,12.76172414,7.384482759,24.97965517,4.49,35.10857143,14.95206897,6.16137931,24.13206897
7-Mar,9.76625,21.36571429,25.3359375,6.456875,11.64,7.03375,24.7946875,3.715,34.9084375,14.466875,5.991875,24.0540625
7-Apr,9.879666667,21.20709677,25.0516129,5.201935484,10.93774194,7.046666667,24.61709677,3.682580645,34.69580645,13.97580645,5.37,24.34535714
7-May,10.2459375,20.9771875,24.41125,4.7621875,9.8578125,7.5203125,24.056875,3.83875,34.384375,12.115,4.1090625,24.05
7-Jun,9.872580645,20.64387097,23.13645161,4.315483871,8.139354839,7.429354839,23.25709677,3.791612903,33.91870968,9.209032258,2.838214286,22.8528
7-Jul,10.31037037,21.138125,23.5753125,4.7621875,8.015,8.272222222,23.1990625,4.5215625,34.42,9.12125,4.147931034,21.5353125
7-Aug,10.16,21.2371875,23.5109375,4.52125,7.3896875,8.28,22.94125,5.2271875,34.19,9.333125,5.0903125,20.9978125
7-Sep,,21.13451613,23.24645161,5.631290323,8.969354839,,22.57354839,5.546451613,33.57741935,9.563225806,5.198387097,21.47322581
7-Oct,10.73967742,20.8425,22.7009375,6.148125,10.0353125,8.088125,22.341875,5.430625,32.9446875,9.62125,4.601,21.3034375
7-Nov,10.64,20.49516129,22.21580645,6.345483871,10.66419355,7.982258065,22.1283871,5.189354839,32.51354839,9.592258065,4.138709677,21.19129032
7-Dec,10.5125,20.1396875,21.8253125,6.470625,11.1328125,7.9203125,21.9028125,4.941875,32.06875,9.6321875,4.2890625,21.3675
8-Jan,10.21225806,19.8978125,21.585625,6.5153125,11.4865625,7.813548387,21.7275,4.7028125,31.708125,9.656875,4.328787879,21.5515625
8-Feb,9.935333333,19.66833333,21.37733333,6.552,11.773,7.683225806,21.555,4.611666667,31.456,9.568,4.442666667,21.47966667
8-Mar,10.2271875,19.50375,21.213125,6.59,12.00875,7.549375,21.3590625,4.56875,31.199375,9.2253125,4.2590625,20.9721875
8-Apr,10.08193548,19.390625,21.03548387,6.126451613,12.09064516,7.307096774,21.28272727,3.99,30.95612903,8.953225806,3.745483871,21.61870968
8-May,10.28,19.2309375,20.7521875,4.3365625,10.0253125,7.11516129,21.15,3.4578125,30.74307692,8.3828125,2.8053125,21.0321875
8-Jun,10.59666667,17.51645161,18.60354839,3.501935484,7,7.581935484,19.75,3.812903226,27.1,3.32,2.149230769,18.07129032
8-Jul,10.65,17.58185185,16.496875,4.6153125,7.405625,8.185625,17.48387097,4.10375,29.36470588,5.1953125,2.9028125,17.9334375
8-Aug,10.745,17.934375,17.669375,5.390625,7.4284375,8.3390625,18.18,4.7553125,31.1303125,6.4271875,3.5721875,16.93428571
8-Sep,11.533,17.99870968,18.48096774,5.94483871,7.643225806,8.041333333,18.92870968,5.112903226,31.48516129,7.059677419,4.5765625,17.8952
8-Oct,10.685625,17.458125,17.8484375,5.3446875,8.489615385,7.5340625,18.96058824,4.7153125,30.7509375,6.98625,4.1940625,17.97193548
8-Nov,10.1875,16.58806452,16.76258065,4.873870968,8.028709677,7.338709677,18.61387097,4.063548387,29.53967742,6.327096774,3.190645161,17.72322581
8-Dec,10.47580645,16.100625,16.514375,5.2790625,8.8940625,7.439354839,18.4265625,4.325,28.834375,6.364375,3.554375,18.39625
9-Jan,10.0990625,15.6715625,16.31,5.3596875,9.5734375,7.4921875,18.2278125,4.2609375,28.3890625,6.3946875,3.889375,18.790625
9-Feb,10.25,15.435,16.18482759,5.393448276,10.08931034,7.293793103,18.1037931,3.967241379,28.07482759,6.285172414,3.91862069,18.97965517
9-Mar,10.42354839,15.37,15.9690625,5.4621875,10.42451613,7.382258065,17.9478125,4.0684375,27.70354839,6.3459375,3.8690625,19.32241379
9-Apr,9.996451613,15.218,15.80225806,5.413548387,10.68774194,7.021290323,17.82548387,3.846774194,27.41064516,6.307419355,3.87625,19.50967742
9-May,10.6309375,15.2196875,15.6859375,5.665,10.0178125,8.47375,17.7321875,3.953125,27.098125,6.1996875,3.705625,19.62133333
9-Jun,10.2583871,15.14870968,15.50483871,5.737419355,8.502258065,7.388387097,17.12967742,3.922580645,26.14966667,5.567741935,3.091290323,19.46869565
9-Jul,10.63225806,15.095,16.7528125,4.9871875,8.5109375,8.040967742,16.7834375,4.199375,27.1159375,5.421875,4.0228125,18.09375
9-Aug,11.110625,18.82133333,18.75870968,4.672307692,8.22,8.1953125,17.26125,4.2475,29.07375,5.9153125,5.5703125,17.356875
9-Sep,10.93129032,18.88612903,19.26548387,5.66,8.255483871,8.066774194,17.50419355,4.458064516,28.84709677,6.971612903,6.424193548,18.86032258
9-Oct,10.178125,17.79939394,19.00625,5.728928571,9.3409375,7.67125,17.4775,4.0003125,28.0309375,7.3984375,6.376060606,19.469375
9-Nov,9.444193548,16.89322581,18.80612903,4.498387097,8.369032258,6.991290323,17.41387097,3.439354839,27.50354839,7.537741935,5.738387097,19.68709677
9-Dec,10.044,16.299375,18.6340625,5.1065625,9.0671875,7.2990625,17.3434375,3.7521875,26.989375,7.671875,5.6615625,19.97875
10-Jan,9.1015,16.0825,18.5209375,5.2521875,9.729375,7.241290323,17.275,3.6390625,26.631875,7.741875,5.61875,20.23875
10-Feb,9.842413793,15.91758621,18.36551724,5.45137931,10.17,7.282068966,17.17413793,3.7204,26.20241379,7.723793103,5.439655172,20.40448276
10-Mar,9.4146875,15.5428125,18.1246875,4.4534375,9.835,6.6896875,16.9484375,3.313125,25.4671875,6.72625,4.649375,18.9178125
10-Apr,9.792333333,15.15096774,17.84032258,4.643870968,9.456451613,7.13,16.65258065,3.556451613,24.77774194,6.38,4.185483871,19.46354839
10-May,9.3903125,14.7796875,17.59125,5.01625,9.1278125,6.8034375,16.4734375,3.874285714,24.440625,6.4734375,3.9815625,19.60193548
10-Jun,7.936774194,13.8544,16.90612903,4.461290323,7.713870968,5.467419355,15.96096774,3.45,23.86782609,5.646451613,3.237419355,17.21387097
10-Jul,9.3690625,12.44826087,16.28,5.171875,7.345,6.9590625,14.92625,3.518125,22.32,5.2365625,3.2059375,15.3196875
10-Aug,9.791290323,13.7065625,17.6540625,6.65,7.67625,7.72,15.2371875,4.2134375,26.31875,6.00875,4.384375,15.2090625
10-Sep,9.555806452,14.15032258,17.95612903,7.292903226,9.72483871,8.007096774,15.49709677,4.899354839,25.70290323,6.666785714,5.086129032,16.1216129
10-Oct,9.479375,14.3725,17.673125,7.58875,10.7221875,7.924375,15.4234375,4.8659375,25.1915625,7.076875,5.3175,16.74625
10-Nov,9.213225806,14.65709677,17.50322581,7.585806452,11.36419355,7.891612903,15.3783871,4.584193548,24.85774194,7.297741935,5.501935484,17.22225806
10-Dec,9.300322581,14.7775,17.384375,7.445,11.7046875,7.827096774,15.34875,4.425625,24.506875,7.4221875,5.6884375,17.6415625
11-Jan,8.4715625,14.86866667,17.2753125,7.3765625,12.01645161,7.5653125,15.320625,4.113636364,24.13,7.489375,5.78,18.03125
11-Feb,8.552413793,14.9288,17.12310345,7.250689655,12.19724138,7.193103448,15.28965517,3.708333333,23.78666667,7.467931034,5.791333333,17.85896552
11-Mar,8.6759375,14.97612903,16.98516129,7.135806452,12.31709677,5.6734375,15.24387097,3.516774194,23.48677419,7.490322581,5.69483871,18.30483871
11-Apr,8.469,15.00258065,16.83516129,6.921290323,12.37096774,5.14,15.19806452,3.391290323,23.22483871,7.328387097,5.421363636,18.57419355
11-May,8.418125,15.1075,16.5975,6.964375,12.18677419,4.7509375,15.154375,3.463125,23.08125,6.9165625,4.24,17.9559375
11-Jun,7.055666667,14.45903226,15.04903226,6.266451613,9.73375,3.942666667,14.93225806,3.610322581,22.02741935,6.357333333,,16.39233333
11-Jul,7.979333333,13.5621875,14.32,5.6653125,8.797272727,4.99375,14.8675,3.713125,23.72592593,6.5796875,3.384545455,15.92727273
11-Aug,8.7096875,14.8315625,16.52043478,6.123125,8.863103448,5.7690625,15.391875,4.2603125,28.819375,6.6628125,3.7909375,15.461
11-Sep,8.576666667,15.29774194,17.68,6.860967742,9.634074074,6.165333333,15.96548387,4.55483871,28.7278125,7.026451613,4.409032258,15.97304348
11-Oct,8.77,15.004375,17.4378125,6.9253125,10.55375,7.006875,16.168125,4.0875,27.7915625,7.227894737,4.7903125,16.6875
11-Nov,9.264516129,14.56483871,17.32433333,6.743548387,10.63,7.803870968,16.22666667,4.154666667,27.52266667,,4.985,17.25413793
11-Dec,9.306451613,14.37645161,17.21935484,6.68483871,,7.495806452,16.26903226,4.146129032,27.31419355,,5.084516129,17.73677419
12-Jan,9.31625,14.2896875,17.0940625,6.6134375,11.51428571,7.165625,16.2803125,4.0125,27.053125,7.34,5.1146875,18.12875
12-Feb,9.1,14.2437931,16.96724138,6.555862069,11.66827586,7.445,16.32310345,3.904827586,26.79551724,,5.090689655,18.44068966
12-Mar,9.605625,14.10645161,16.72741935,6.527096774,11.84645161,7.755,16.27677419,3.986451613,26.46935484,,4.711612903,18.71322581
12-Apr,9.744333333,14.05451613,16.5983871,6.815806452,12.04483871,7.894333333,16.30516129,4.248064516,26.26806452,7.292068966,4.636451613,18.96580645
12-May,10.8184375,14.28225806,16.47064516,7.270645161,11.29709677,9.009375,16.33483871,4.712903226,26.01483871,7.413548387,4.614193548,19.16741935
12-Jun,11.33483871,14.99866667,16.71666667,7.401333333,11.06733333,8.9504,16.27033333,5.665333333,27.99,7.556333333,4.674736842,19.22166667
12-Jul,11.545,18.2546875,19.1403125,8.3609375,11.6625,9.22125,17.2865625,6.198125,31.179375,8.3990625,7.655,18.2416129
12-Aug,11.14,19.96285714,20.88096774,8.942258065,13.30548387,9.325,18.9416129,6.197419355,32.80774194,9.883225806,9.385806452,17.38777778
12-Sep,11.18212121,,21.63166667,9.413666667,14.45933333,8.949666667,19.83766667,6.559,33.18533333,12.766,10.49333333,
12-Oct,11.4934375,20.09625,21.56,9.4103125,15.00451613,8.7428125,20.1109375,6.43125,32.965625,13.42875,10.0975,19.93
12-Nov,11.08903226,,21.53066667,9.245333333,15.316,8.571612903,20.24466667,6.054,32.76366667,13.56933333,9.798333333,20.409
12-Dec,10.8225,,21.50967742,9.153225806,15.48290323,8.5215625,20.30645161,5.730967742,32.6016129,13.64935484,9.629677419,20.76516129
13-Jan,10.37375,19.32,21.511875,9.164375,15.605,8.42875,20.356875,5.394375,32.4815625,13.7221875,9.548461538,21.1125
13-Feb,10.58357143,19.28571429,21.49357143,9.166428571,15.66857143,8.365357143,20.39785714,5.1725,32.39071429,13.77107143,9.47,21.38714286
13-Mar,10.5140625,19.22193548,21.4516129,9.096451613,15.69483871,8.313125,20.42612903,5.008,32.30677419,13.7728125,9.366774194,21.64387097
13-Apr,9.723225806,19.15709677,21.39064516,9.038064516,15.59290323,7.863870968,20.42709677,4.286666667,32.22451613,13.72483871,8.618387097,21.85612903
13-May,10.8884375,19.13354839,21.32483871,9.089354839,15.31787879,9.0709375,20.32806452,4.6353125,32.1,13.12387097,7.230967742,21.72677419
13-Jun,11.22966667,19.167,20.91733333,8.861,14.35366667,9.355666667,19.85129032,4.816666667,31.81,10.03967742,6.022258065,20.44258065
13-Jul,11.5621875,20.80875,21.8353125,8.3175,15.480625,9.1140625,20.43645161,6.0453125,32.87903226,12.0083871,7.381612903,19.64580645
13-Aug,11.399375,21.48741935,22.75387097,8.627419355,14.33612903,9.144827586,21.24580645,5.09483871,33.73225806,13.40677419,8.737096774,18.2925
13-Sep,10.66935484,22.24966667,23.44833333,9.158333333,15.05533333,7.653870968,21.90166667,5.835333333,34.30133333,13.946,9.568,19.65851852
13-Oct,8.735909091,22.11125,23.3575,9.251875,15.0040625,7.0703125,22.1553125,5.0028125,34.1978125,13.2940625,8.7746875,19.986875
13-Nov,10.462,21.861,23.12033333,9.099,14.87566667,8.354,22.151,5.038666667,33.93266667,12.90258065,7.998333333,20.633
13-Dec,10.4225,21.61064516,22.93129032,9.114516129,14.87354839,8.3925,22.10064516,4.989677419,33.70258065,12.76129032,7.761290323,21.0816129
14-Jan,10.115,21.38125,22.799375,9.194375,14.9509375,8.4925,22.02625,4.76625,33.508125,12.705625,7.72375,21.44875
14-Feb,9.82137931,21.18535714,22.68214286,9.116785714,15.04678571,8.375517241,21.95142857,4.521785714,33.34071429,12.66857143,7.696785714,21.735
14-Mar,9.949354839,21.02548387,22.5809375,9.052424242,15.13225806,8.310322581,21.9,4.336451613,33.20290323,12.67032258,7.672903226,21.9765625
14-Apr,9.839032258,20.86741935,22.46903226,8.927741935,15.16483871,8.447096774,21.86258065,4.392258065,33.05290323,12.56903226,7.593548387,22.20258065
14-May,10.6553125,20.86419355,22.3834375,8.986129032,15.11290323,9.1234375,21.811875,4.722903226,32.9159375,12.43419355,7.122258065,22.315625
14-Jun,8.807419355,20.90266667,22.30366667,8.595666667,13.333,7.250645161,21.82366667,4.136,32.805,11.18166667,6.263333333,20.22233333
14-Jul,10.8971875,21.295,21.8815625,7.3959375,13.119375,9.111304348,21.9478125,4.829375,33.0371875,10.384375,6.5409375,18.686875
14-Aug,10.84483871,22.60258065,21.43193548,7.704516129,12.42806452,,22.74483871,5.552580645,33.81032258,12.28709677,8.108387097,17.80451613
14-Sep,11.09903226,22.44,20.969,7.341,11.989,9.275,22.54580645,5.237,33.572,10.62666667,7.421333333,16.38866667
14-Oct,10.24848485,22.1034375,20.63625,8.2059375,12.63,9.0990625,22.154375,5.429375,33.1334375,10.4390625,7.019375,17.7734375
14-Nov,10.24266667,21.77633333,20.37866667,8.320333333,13.11633333,9.035333333,21.824,5.369,32.74166667,10.55166667,6.856666667,18.45766667
14-Dec,9.572258065,21.49,20.14516129,8.349354839,13.35935484,8.602903226,21.62870968,5.013225806,32.39967742,10.69935484,6.775483871,18.949375
15-Jan,8.822258065,21.2516129,19.96258065,8.319677419,13.53870968,7.789032258,21.4216129,4.663870968,32.13258065,10.81612903,6.708387097,19.32612903
15-Feb,9.350344828,21.05413793,19.80965517,8.237241379,13.63724138,8.07862069,21.23758621,4.284137931,31.91137931,10.80586207,6.524482759,19.61655172
15-Mar,9.743225806,20.88677419,19.66612903,8.211612903,13.76225806,8.56516129,21.10096774,4.668709677,31.70774194,10.67580645,6.302258065,19.85
15-Apr,9.456774194,20.77633333,19.54966667,8.171,13.90903226,8.616774194,20.99333333,4.515333333,31.50033333,10.50733333,6.144333333,20.064
15-May,8.146774194,20.64483871,19.44806452,8.04516129,13.32354839,6.148387097,20.87870968,3.77483871,31.28096774,10.37354839,5.569677419,20.04612903
15-Jun,6.587419355,20.37193548,19.27096774,7.606774194,11.5216129,4.536129032,20.56225806,3.424193548,31.02967742,10.01064516,4.599032258,19.22064516
15-Jul,9.791935484,21.42870968,20.20548387,7.323870968,13.0465625,7.624516129,20.26967742,4.334516129,32.10322581,10.71387097,5.04483871,18.15516129
15-Aug,10.51419355,22.22129032,21.35387097,6.878064516,12.50225806,8.809032258,21.01032258,4.552903226,33.45774194,11.7,5.737096774,16.25967742
15-Sep,10.19966667,22.42266667,21.65033333,7.89,12.61935484,9.731333333,21.67266667,5.257333333,34.30066667,12.44066667,6.433333333,16.79433333
15-Oct,9.933125,22.085,21.579375,8.33375,13.1125,9.5175,21.815625,5.2546875,34.13375,12.2459375,5.8765625,17.5
15-Nov,9.550333333,21.77566667,21.496,8.230666667,13.41533333,8.929,21.78566667,4.66,33.884,12.17633333,5.66,17.96933333
15-Dec,9.503548387,21.49193548,21.40193548,7.913870968,13.09129032,8.524516129,21.69806452,4.316451613,33.67322581,11.58935484,4.888387097,17.78612903
16-Jan,9.416774194,21.22774194,21.30387097,7.740967742,13.15709677,7.833548387,21.62096774,4.216774194,33.48064516,10.97483871,4.55483871,17.82645161
16-Feb,9.077333333,20.98566667,21.22033333,7.512333333,13.12266667,7.319,21.53766667,3.785,33.309,10.61433333,4.212333333,17.837
16-Mar,9.420967742,20.6216129,21.08387097,7.26483871,12.78419355,8.501935484,21.40193548,4.132580645,33.13290323,9.773548387,3.971290323,17.80193548
16-Apr,9.194666667,20.40064516,20.88833333,7.005666667,12.75433333,8.082,21.258,3.925,32.935,9.701,3.871333333,17.92866667
16-May,7.951612903,19.78387097,20.12451613,5.342258065,10.92935484,5.161935484,20.57419355,3.138064516,32.58,8.38516129,2.610645161,16.2483871
16-Jun,7.985806452,18.81258065,19.6616129,5.113870968,9.0021875,5.415483871,19.62967742,3.701935484,32.22677419,7.85483871,3.264193548,16.46129032
16-Jul,10.08258065,19.39741935,20.73193548,4.797419355,8.417419355,8.674516129,20.03451613,4.329032258,33.06967742,8.149677419,4.698709677,15.89709677
16-Aug,10.20451613,20.819375,21.78548387,5.4728125,8.519032258,9.376129032,20.69903226,4.456129032,34.02064516,8.996129032,6.828709677,15.32517241
16-Sep,9.737419355,21.07933333,22.29866667,5.956,9.110967742,9.675483871,21.30633333,4.786,34.74033333,9.736451613,7.689032258,16.03333333
16-Oct,9.8384375,20.633125,22.230625,6.820625,10.2659375,9.6246875,21.39125,5.2628125,34.555625,9.98375,7.305,16.4153125
16-Nov,9.469,20.29433333,22.13133333,6.966333333,11.104,9.804333333,21.323,5.104,34.29433333,10.36133333,7.279333333,17.01
16-Dec,9.620967742,19.97451613,22.08806452,6.910967742,10.85419355,9.325806452,21.24483871,4.756129032,34.07193548,10.8616129,7.309032258,17.45064516
17-Jan,9.26483871,19.64903226,22.00322581,6.833870968,11.47129032,8.748387097,21.14516129,3.954375,33.85774194,10.97709677,7.24483871,17.36096774
17-Feb,9.318275862,19.41,21.92517241,6.839310345,11.86068966,8.907586207,21.06172414,3.916896552,33.67275862,10.81,7.107241379,17.62034483
17-Mar,9.129354839,19.27193548,21.89774194,6.858387097,12.14193548,8.201935484,21.01419355,3.780967742,33.5184375,11.05419355,6.993225806,18.01258065
17-Apr,9.586333333,19.15933333,21.83633333,6.836666667,12.30433333,9.15,20.94,3.969666667,33.36433333,11.11466667,6.876333333,18.21833333
17-May,9.442903226,19.06645161,21.7583871,5.97,11.33806452,8.561290323,20.82032258,3.654193548,33.19451613,10.67645161,5.470967742,16.51419355
17-Jun,9.583548387,19.47225806,21.68935484,6.064193548,10.14903226,8.641935484,20.48,4.100967742,33.10322581,9.829032258,4.867419355,15.94709677
17-Jul,10.35612903,20.88,22.6983871,6.292580645,10.63258065,9.638709677,20.80387097,5.177419355,34.09129032,10.95451613,6.061935484,15.58935484
17-Aug,10.10483871,21.14612903,23.36709677,6.237741935,10.47709677,9.452580645,20.7483871,4.693225806,34.70290323,11.97903226,7.175806452,15.13032258
17-Sep,10.45666667,21.049,23.58032258,6.925483871,11.507,9.879,20.469,4.846666667,34.351,11.71366667,6.875666667,15.66366667
17-Oct,10.1078125,20.6453125,23.446875,6.2259375,11.4428125,9.468125,20.3353125,3.83125,33.985625,9.584375,5.1675,15.0265625
17-Nov,10.094,20.17133333,23.28833333,6.349333333,11.61233333,9.496333333,20.19266667,4.420333333,33.692,9.371666667,5.009333333,15.52966667
17-Dec,9.898709677,19.67387097,23.17290323,6.392580645,11.53032258,9.810645161,20.01903226,4.477419355,33.44129032,9.444193548,5.144516129,16.0490625
18-Jan,8.839375,19.2653125,23.07129032,6.4803125,11.818125,9.110625,19.87625,4.0896875,33.2196875,9.5175,5.269375,16.48875
18-Feb,8.669642857,18.97071429,23.00428571,6.396071429,12.145,8.773214286,19.76392857,3.431428571,33.02857143,9.591071429,5.305357143,16.7325
18-Mar,9.52516129,18.70258065,22.91387097,6.22,12.23064516,8.733548387,19.64806452,3.584516129,32.83354839,9.471290323,5.089354839,16.54709677
18-Apr,9.416666667,18.50066667,22.82766667,6.147,12.391,8.846333333,19.575,3.79,32.66766667,9.519,4.91,16.933
18-May,9.619354839,18.31548387,22.69806452,5.793548387,12.27709677,8.919354839,19.46677419,3.693225806,32.48935484,9.427419355,4.565806452,16.6283871
18-Jun,9.851935484,17.72935484,22.61354839,5.158387097,11.04516129,9.711612903,19.37451613,3.874193548,32.41903226,9.322903226,4.332903226,16.55258065
18-Jul,10.00258065,17.38774194,23.12387097,4.73,11.06,9.389032258,19.72032258,4.166451613,33.10709677,9.537096774,4.598709677,14.84967742
18-Aug,10.17096774,17.55870968,23.87354839,5.230322581,12.1383871,9.35516129,20.27903226,4.4003125,34.11451613,10.21870968,5.297741935,15.4446875
18-Sep,9.820333333,16.97466667,24.13266667,5.773666667,10.807,10.14333333,20.43933333,4.19,34.24033333,10.20166667,4.704,15.985
18-Oct,9.9996875,16.468125,24.0378125,6.209375,11.0465625,9.361875,20.3428125,3.7484375,33.949375,10.0796875,4.199375,16.213125
18-Nov,9.488333333,16.09166667,23.89266667,6.316,11.44066667,9.176,20.234,3.988333333,33.72166667,9.982666667,4.003,16.47466667
18-Dec,9.571333333,15.66866667,23.77366667,6.052,11.68466667,8.890666667,20.08866667,3.558666667,33.53766667,9.502666667,3.199,16.55866667
19-Jan,,,,,,,,,,,,
