"","Var1","Var2","Cor","Lag","Months"
"1","W60","W63",0.326799142094757,-0.0833333333333333,-1
"2","W60","W67",0.241149341675589,-0.0833333333333333,-1
"3","W60","W70",0.17539642102983,1.58333333333333,19
"4","W60","W73",0.146292926215699,1.41666666666667,17
"5","W60","W74",0.761307262301322,0,0
"6","W60","W78",0.235583255427635,-0.0833333333333333,-1
"7","W60","W80",0.479835570541087,0,0
"8","W60","W81",0.251499462736426,-0.0833333333333333,-1
"9","W60","W115",0.224671814138462,1.58333333333333,19
"10","W60","W116",0.222234960414058,-0.0833333333333333,-1
"11","W60","W118",0.173235528863701,1.41666666666667,17
"12","W60","G40",0.186159979235862,0,0
"13","W60","G42",0.784502220815146,0,0
"14","W60","G45",0.911919131324532,0,0
"15","W60","G49",0.771222269828277,0,0
"16","W60","G51",0.291090786137327,0,0
"17","W60","G53",0.618847564234677,0,0
"18","W60","G65",0.311084374539546,0,0
"19","W60","RV",0.215656924224846,0,0
"20","W60","CDY",0.284952928638427,0,0
"21","W60","KY",0.226452881078734,1.66666666666667,20
"22","W60","HY",0.173634978591608,-0.333333333333333,-4
"23","W60","GI",0.204282513393813,1.66666666666667,20
"24","W60","GS",0.248650217426765,1.66666666666667,20
"25","W60","GO",0.179668267287452,-1.16666666666667,-14
"26","W60","NP",0.248958656324943,-1.33333333333333,-16
"27","W60","DC",0.245931492284557,1.66666666666667,20
"28","W60","RVT",0.280254913566902,-0.416666666666667,-5
"29","W60","CDYT",0.284276130662107,-1.41666666666667,-17
"30","W60","KYT",0.278417560865193,-0.416666666666667,-5
"31","W60","HYT",0.269346985816422,-1.41666666666667,-17
"32","W60","GIT",0.282751119874026,-0.416666666666667,-5
"33","W60","GOT",0.294986010705186,-1.41666666666667,-17
"34","W60","NPT",0.287650587153985,-1.41666666666667,-17
"35","W60","DCT",0.276671795230501,-0.416666666666667,-5
"36","W60","Pu",0.285971772433042,-1.08333333333333,-13
"37","W63","W60",0.326799142094757,0.0833333333333333,1
"38","W63","W67",0.800775654567426,0,0
"39","W63","W70",0.24771202933458,-1.16666666666667,-14
"40","W63","W73",0.220857275277791,0,0
"41","W63","W74",0.284834263842005,0.0833333333333333,1
"42","W63","W78",0.62844777008542,0,0
"43","W63","W80",0.287627126465226,0.0833333333333333,1
"44","W63","W81",0.739558637508179,0,0
"45","W63","W115",0.298162672962602,0,0
"46","W63","W116",0.681565082021624,0,0
"47","W63","W118",0.29452619768329,-0.166666666666667,-2
"48","W63","G40",0.308324916759319,-1.16666666666667,-14
"49","W63","G42",0.264592714240035,0.0833333333333333,1
"50","W63","G45",0.351142273985264,0.0833333333333333,1
"51","W63","G49",0.345424190654149,0.0833333333333333,1
"52","W63","G51",0.39404710745791,0,0
"53","W63","G53",0.448695933203258,0,0
"54","W63","G65",0.337997804227018,1.08333333333333,13
"55","W63","RV",0.220926026560966,0.0833333333333333,1
"56","W63","CDY",0.15326066998404,0.0833333333333333,1
"57","W63","KY",0.190829367177379,0.0833333333333333,1
"58","W63","HY",0.140984049900842,0.75,9
"59","W63","GI",0.272991322613182,1.08333333333333,13
"60","W63","GS",0.240158846905819,0.0833333333333333,1
"61","W63","GO",0.155306144633181,-1.16666666666667,-14
"62","W63","NP",0.186296694498878,-0.25,-3
"63","W63","DC",0.121907483167226,0.0833333333333333,1
"64","W63","RVT",0.428928145743067,-1.25,-15
"65","W63","CDYT",0.429095931100821,-1.25,-15
"66","W63","KYT",0.428391092133815,-1.25,-15
"67","W63","HYT",0.430567777097894,-1.25,-15
"68","W63","GIT",0.426248123312682,-1.25,-15
"69","W63","GOT",0.432617300979988,-0.25,-3
"70","W63","NPT",0.418322528501307,1.66666666666667,20
"71","W63","DCT",0.421315653902891,-1.25,-15
"72","W63","Pu",0.737438008947741,-0.0833333333333333,-1
"73","W67","W60",0.241149341675589,0.0833333333333333,1
"74","W67","W63",0.800775654567426,0,0
"75","W67","W70",0.273701001654532,-1.08333333333333,-13
"76","W67","W73",0.219704374140609,0,0
"77","W67","W74",0.217432889858154,1,12
"78","W67","W78",0.787517016382441,0,0
"79","W67","W80",0.238444019758689,0.0833333333333333,1
"80","W67","W81",0.759476207676168,0,0
"81","W67","W115",0.324844721229621,0,0
"82","W67","W116",0.691614143904607,0,0
"83","W67","W118",0.349369030011764,-0.166666666666667,-2
"84","W67","G40",0.261618898287763,-1.08333333333333,-13
"85","W67","G42",0.182301533742285,0.0833333333333333,1
"86","W67","G45",0.259235732097685,0.0833333333333333,1
"87","W67","G49",0.320852540195513,0.0833333333333333,1
"88","W67","G51",0.408051438312605,0.0833333333333333,1
"89","W67","G53",0.396990236740594,0,0
"90","W67","G65",0.40256651954897,0.0833333333333333,1
"91","W67","RV",0.174488024151243,0.0833333333333333,1
"92","W67","CDY",0.148915178482599,0.0833333333333333,1
"93","W67","KY",0.202154413130232,0.0833333333333333,1
"94","W67","HY",0.130781591228899,1,12
"95","W67","GI",0.272962475018902,0.0833333333333333,1
"96","W67","GS",0.239960950651424,0.0833333333333333,1
"97","W67","GO",0.141881075847713,0.166666666666667,2
"98","W67","NP",0.18731017947139,-0.25,-3
"99","W67","DC",0.123536143810797,-0.166666666666667,-2
"100","W67","RVT",0.408173062159047,-0.25,-3
"101","W67","CDYT",0.40768408455166,-0.25,-3
"102","W67","KYT",0.408294042449258,-0.25,-3
"103","W67","HYT",0.411001555370981,-0.25,-3
"104","W67","GIT",0.406750385964037,-0.25,-3
"105","W67","GOT",0.415782840469705,-0.25,-3
"106","W67","NPT",0.410689716107474,-0.25,-3
"107","W67","DCT",0.408250903480161,-0.25,-3
"108","W67","Pu",0.71555287407745,-0.0833333333333333,-1
"109","W70","W60",0.17539642102983,-1.58333333333333,-19
"110","W70","W63",0.24771202933458,1.16666666666667,14
"111","W70","W67",0.273701001654532,1.08333333333333,13
"112","W70","W73",0.527374035304391,-0.0833333333333333,-1
"113","W70","W74",0.201102122789094,0.0833333333333333,1
"114","W70","W78",0.30308244871823,-0.916666666666667,-11
"115","W70","W80",0.347994049688234,0,0
"116","W70","W81",0.309671277821918,-0.833333333333333,-10
"117","W70","W115",0.362223671036069,0,0
"118","W70","W116",0.314187953098859,1.08333333333333,13
"119","W70","W118",0.460029635564234,0,0
"120","W70","G40",0.341231149007371,0,0
"121","W70","G42",0.170097618361319,-1.58333333333333,-19
"122","W70","G45",0.168660546838502,-1.58333333333333,-19
"123","W70","G49",0.207755942018358,0.5,6
"124","W70","G51",0.25180790910886,0.166666666666667,2
"125","W70","G53",0.165781372689483,-0.833333333333333,-10
"126","W70","G65",0.230382875404938,0,0
"127","W70","RV",0.278258729573215,0.0833333333333333,1
"128","W70","CDY",0.344777681806962,0.0833333333333333,1
"129","W70","KY",0.278692678675826,0.0833333333333333,1
"130","W70","HY",0.311020204299396,0.0833333333333333,1
"131","W70","GI",0.308561937401421,0.0833333333333333,1
"132","W70","GS",0.201723290832244,0,0
"133","W70","GO",0.292071425328755,0.0833333333333333,1
"134","W70","NP",0.328911503292898,0.0833333333333333,1
"135","W70","DC",0.185528902751718,0.833333333333333,10
"136","W70","RVT",0.348021145841845,-0.0833333333333333,-1
"137","W70","CDYT",0.361033634017528,0,0
"138","W70","KYT",0.343831498425134,0,0
"139","W70","HYT",0.359853828082019,0,0
"140","W70","GIT",0.344716078917152,0,0
"141","W70","GOT",0.336984621459274,0,0
"142","W70","NPT",0.333818462830302,-0.0833333333333333,-1
"143","W70","DCT",0.334060686250668,0,0
"144","W70","Pu",0.330704570593785,-0.916666666666667,-11
"145","W73","W60",0.146292926215699,-1.41666666666667,-17
"146","W73","W63",0.220857275277791,0,0
"147","W73","W67",0.219704374140609,0,0
"148","W73","W70",0.527374035304391,0.0833333333333333,1
"149","W73","W74",0.185895312153044,0.166666666666667,2
"150","W73","W78",0.259382104891579,-0.0833333333333333,-1
"151","W73","W80",0.195309361070625,0.166666666666667,2
"152","W73","W81",0.185422231393544,0,0
"153","W73","W115",0.445362261132786,0,0
"154","W73","W116",0.225669814605225,-0.75,-9
"155","W73","W118",0.31337778664297,0,0
"156","W73","G40",0.289545332967189,0.0833333333333333,1
"157","W73","G42",0.161193035348021,1.66666666666667,20
"158","W73","G45",0.170107562588209,1.5,18
"159","W73","G49",0.159537839120174,0,0
"160","W73","G51",0.243644684218254,0.25,3
"161","W73","G53",0.179097225196001,1.5,18
"162","W73","G65",0.203244928774343,0,0
"163","W73","RV",0.207562549244158,0.0833333333333333,1
"164","W73","CDY",0.241224454796126,0.0833333333333333,1
"165","W73","KY",0.257706163764763,0.0833333333333333,1
"166","W73","HY",0.261550347420106,0.0833333333333333,1
"167","W73","GI",0.341473495301397,0.0833333333333333,1
"168","W73","GS",0.246493715855742,0.0833333333333333,1
"169","W73","GO",0.211023690329908,0.0833333333333333,1
"170","W73","NP",0.191776093109004,0.166666666666667,2
"171","W73","DC",0.203035422902827,0,0
"172","W73","RVT",0.329052466590374,0,0
"173","W73","CDYT",0.330463923964059,0,0
"174","W73","KYT",0.333429551688921,0,0
"175","W73","HYT",0.326381213668455,0,0
"176","W73","GIT",0.323197515132368,0,0
"177","W73","GOT",0.294456943386682,0,0
"178","W73","NPT",0.291184253054285,-1,-12
"179","W73","DCT",0.318859227067325,0,0
"180","W73","Pu",0.248979036367809,0.166666666666667,2
"181","W74","W60",0.761307262301322,0,0
"182","W74","W63",0.284834263842005,-0.0833333333333333,-1
"183","W74","W67",0.217432889858154,-1,-12
"184","W74","W70",0.201102122789094,-0.0833333333333333,-1
"185","W74","W73",0.185895312153044,-0.166666666666667,-2
"186","W74","W78",0.208064789088951,-0.0833333333333333,-1
"187","W74","W80",0.438845982322187,0,0
"188","W74","W81",0.242392412004133,-0.0833333333333333,-1
"189","W74","W115",0.133739396086185,1.58333333333333,19
"190","W74","W116",0.213810580556187,-1,-12
"191","W74","W118",0.185527343161971,0.666666666666667,8
"192","W74","G40",0.210361927319222,0.833333333333333,10
"193","W74","G42",0.672198107768387,0,0
"194","W74","G45",0.720345946749275,0,0
"195","W74","G49",0.589081839710322,0,0
"196","W74","G51",0.379089781582917,0,0
"197","W74","G53",0.475164120818722,0,0
"198","W74","G65",0.378982931373079,0,0
"199","W74","RV",0.22588479806946,0,0
"200","W74","CDY",0.23331188849877,0,0
"201","W74","KY",0.193320878954054,-0.166666666666667,-2
"202","W74","HY",0.223104900204206,-1.16666666666667,-14
"203","W74","GI",0.208597113204484,0,0
"204","W74","GS",0.182714499663728,1.66666666666667,20
"205","W74","GO",0.180925869918787,-1.16666666666667,-14
"206","W74","NP",0.229488607751469,-1.33333333333333,-16
"207","W74","DC",0.260081539250186,-1.16666666666667,-14
"208","W74","RVT",0.213173522327107,-0.333333333333333,-4
"209","W74","CDYT",0.213327810359993,-0.333333333333333,-4
"210","W74","KYT",0.213949040598784,-0.333333333333333,-4
"211","W74","HYT",0.213379024301329,-0.333333333333333,-4
"212","W74","GIT",0.215475991415482,-0.333333333333333,-4
"213","W74","GOT",0.20454897880847,-0.416666666666667,-5
"214","W74","NPT",0.201129446718521,-0.333333333333333,-4
"215","W74","DCT",0.217898464367319,-0.333333333333333,-4
"216","W74","Pu",0.312624839560989,-0.25,-3
"217","W78","W60",0.235583255427635,0.0833333333333333,1
"218","W78","W63",0.62844777008542,0,0
"219","W78","W67",0.787517016382441,0,0
"220","W78","W70",0.30308244871823,0.916666666666667,11
"221","W78","W73",0.259382104891579,0.0833333333333333,1
"222","W78","W74",0.208064789088951,0.0833333333333333,1
"223","W78","W80",0.266020573131257,0.0833333333333333,1
"224","W78","W81",0.624320946455937,0.0833333333333333,1
"225","W78","W115",0.445737789811182,0,0
"226","W78","W116",0.654396185533584,0,0
"227","W78","W118",0.341619956833457,-0.166666666666667,-2
"228","W78","G40",0.293006971938571,-1.08333333333333,-13
"229","W78","G42",0.174787362388764,0.0833333333333333,1
"230","W78","G45",0.239736285494867,0.0833333333333333,1
"231","W78","G49",0.336053064101733,0.0833333333333333,1
"232","W78","G51",0.437599082781929,0.0833333333333333,1
"233","W78","G53",0.438614339134043,0.0833333333333333,1
"234","W78","G65",0.455575069703031,0.0833333333333333,1
"235","W78","RV",0.191710188514525,0.0833333333333333,1
"236","W78","CDY",0.178230240086794,0.0833333333333333,1
"237","W78","KY",0.181171343777128,0.0833333333333333,1
"238","W78","HY",0.130982262358483,0.0833333333333333,1
"239","W78","GI",0.320133094199058,0.0833333333333333,1
"240","W78","GS",0.271416564420909,0.0833333333333333,1
"241","W78","GO",0.166944922541096,0.166666666666667,2
"242","W78","NP",0.179578770388724,-1.25,-15
"243","W78","DC",0.201505574392688,0.0833333333333333,1
"244","W78","RVT",0.396986051588807,-0.166666666666667,-2
"245","W78","CDYT",0.394704599332787,-0.166666666666667,-2
"246","W78","KYT",0.388481610049742,-0.166666666666667,-2
"247","W78","HYT",0.410652365510854,-0.166666666666667,-2
"248","W78","GIT",0.381244514956421,-0.166666666666667,-2
"249","W78","GOT",0.38895610933895,-0.166666666666667,-2
"250","W78","NPT",0.393793275025339,-0.166666666666667,-2
"251","W78","DCT",0.374064420337214,-0.166666666666667,-2
"252","W78","Pu",0.622694883984659,0,0
"253","W80","W60",0.479835570541087,0,0
"254","W80","W63",0.287627126465226,-0.0833333333333333,-1
"255","W80","W67",0.238444019758689,-0.0833333333333333,-1
"256","W80","W70",0.347994049688234,0,0
"257","W80","W73",0.195309361070625,-0.166666666666667,-2
"258","W80","W74",0.438845982322187,0,0
"259","W80","W78",0.266020573131257,-0.0833333333333333,-1
"260","W80","W81",0.267167680617818,-0.0833333333333333,-1
"261","W80","W115",0.224376972635946,-1.08333333333333,-13
"262","W80","W116",0.330354967668172,-0.0833333333333333,-1
"263","W80","W118",0.231464851130193,-0.333333333333333,-4
"264","W80","G40",0.219201581775942,-0.166666666666667,-2
"265","W80","G42",0.385728778412091,0,0
"266","W80","G45",0.460277504149946,0,0
"267","W80","G49",0.368615680125794,0,0
"268","W80","G51",0.38502601864476,0,0
"269","W80","G53",0.39027693541695,0,0
"270","W80","G65",0.35015916999187,0,0
"271","W80","RV",0.224868567443402,0,0
"272","W80","CDY",0.248753424368316,0,0
"273","W80","KY",0.277703805522752,-1.16666666666667,-14
"274","W80","HY",0.225683025457832,-1.16666666666667,-14
"275","W80","GI",0.204316160118452,0,0
"276","W80","GS",0.184163502957532,0,0
"277","W80","GO",0.17805121092412,0,0
"278","W80","NP",0.234959710552683,-1.16666666666667,-14
"279","W80","DC",0.132882564093213,0,0
"280","W80","RVT",0.352296454467371,0.75,9
"281","W80","CDYT",0.352219920933428,0.75,9
"282","W80","KYT",0.35097059246513,-0.25,-3
"283","W80","HYT",0.350714286071015,0.75,9
"284","W80","GIT",0.354578368429145,-0.25,-3
"285","W80","GOT",0.344681752448086,0.75,9
"286","W80","NPT",0.337932121365968,0.75,9
"287","W80","DCT",0.366415250831435,-1.33333333333333,-16
"288","W80","Pu",0.265052050742518,-1,-12
"289","W81","W60",0.251499462736426,0.0833333333333333,1
"290","W81","W63",0.739558637508179,0,0
"291","W81","W67",0.759476207676168,0,0
"292","W81","W70",0.309671277821918,0.833333333333333,10
"293","W81","W73",0.185422231393544,0,0
"294","W81","W74",0.242392412004133,0.0833333333333333,1
"295","W81","W78",0.624320946455937,-0.0833333333333333,-1
"296","W81","W80",0.267167680617818,0.0833333333333333,1
"297","W81","W115",0.255437654011552,0,0
"298","W81","W116",0.554958351345265,0,0
"299","W81","W118",0.298436161789633,-0.166666666666667,-2
"300","W81","G40",0.278037015873517,-1.16666666666667,-14
"301","W81","G42",0.189376594807205,0.0833333333333333,1
"302","W81","G45",0.267813861851806,0.0833333333333333,1
"303","W81","G49",0.284391913626662,0.0833333333333333,1
"304","W81","G51",0.412155186315705,0,0
"305","W81","G53",0.371743381991952,-1,-12
"306","W81","G65",0.337278213431944,1,12
"307","W81","RV",0.177181303841691,0.0833333333333333,1
"308","W81","CDY",0.178829948849205,-0.333333333333333,-4
"309","W81","KY",0.186382307193233,0.0833333333333333,1
"310","W81","HY",0.162058934884888,-0.333333333333333,-4
"311","W81","GI",0.250830831857864,0.0833333333333333,1
"312","W81","GS",0.226169645932007,0.0833333333333333,1
"313","W81","GO",0.159201253928606,0.0833333333333333,1
"314","W81","NP",0.248575840047679,-0.333333333333333,-4
"315","W81","DC",0.153435132836644,0.0833333333333333,1
"316","W81","RVT",0.432332683814979,-0.25,-3
"317","W81","CDYT",0.442636892098241,-0.25,-3
"318","W81","KYT",0.434298023688394,-0.25,-3
"319","W81","HYT",0.445724620451277,-0.25,-3
"320","W81","GIT",0.428587443005546,-0.25,-3
"321","W81","GOT",0.431835963843144,-0.25,-3
"322","W81","NPT",0.432447644422645,-0.25,-3
"323","W81","DCT",0.422046673865472,-0.25,-3
"324","W81","Pu",0.699870666441748,-0.0833333333333333,-1
"325","W115","W60",0.224671814138462,-1.58333333333333,-19
"326","W115","W63",0.298162672962602,0,0
"327","W115","W67",0.324844721229621,0,0
"328","W115","W70",0.362223671036069,0,0
"329","W115","W73",0.445362261132786,0,0
"330","W115","W74",0.133739396086185,-1.58333333333333,-19
"331","W115","W78",0.445737789811182,0,0
"332","W115","W80",0.224376972635946,1.08333333333333,13
"333","W115","W81",0.255437654011552,0,0
"334","W115","W116",0.422762851694031,0,0
"335","W115","W118",0.330374238200994,-0.166666666666667,-2
"336","W115","G40",0.22786162732702,0.0833333333333333,1
"337","W115","G42",0.178540138248199,-1.58333333333333,-19
"338","W115","G45",0.220376733468095,-1.58333333333333,-19
"339","W115","G49",0.223882018733118,-1.58333333333333,-19
"340","W115","G51",0.354965294986764,0,0
"341","W115","G53",0.23168979563776,1.41666666666667,17
"342","W115","G65",0.283407917940918,0,0
"343","W115","RV",0.175849059999138,-1,-12
"344","W115","CDY",0.143715839882291,1,12
"345","W115","KY",0.225625348078212,0.0833333333333333,1
"346","W115","HY",0.16044792455249,0.916666666666667,11
"347","W115","GI",0.306539773663859,0.0833333333333333,1
"348","W115","GS",0.211672071320047,-1.16666666666667,-14
"349","W115","GO",0.224289239587612,0.0833333333333333,1
"350","W115","NP",0.204681850782324,0.0833333333333333,1
"351","W115","DC",0.153838246319806,0.0833333333333333,1
"352","W115","RVT",0.287987528041472,-0.0833333333333333,-1
"353","W115","CDYT",0.292370903985346,-0.0833333333333333,-1
"354","W115","KYT",0.285788043947774,-0.0833333333333333,-1
"355","W115","HYT",0.318441757676084,-0.0833333333333333,-1
"356","W115","GIT",0.281109286908783,-0.0833333333333333,-1
"357","W115","GOT",0.283565448505273,-0.0833333333333333,-1
"358","W115","NPT",0.300133608152046,-0.0833333333333333,-1
"359","W115","DCT",0.2701651577899,0,0
"360","W115","Pu",0.36458037154703,0.0833333333333333,1
"361","W116","W60",0.222234960414058,0.0833333333333333,1
"362","W116","W63",0.681565082021624,0,0
"363","W116","W67",0.691614143904607,0,0
"364","W116","W70",0.314187953098859,-1.08333333333333,-13
"365","W116","W73",0.225669814605225,0.75,9
"366","W116","W74",0.213810580556187,1,12
"367","W116","W78",0.654396185533584,0,0
"368","W116","W80",0.330354967668172,0.0833333333333333,1
"369","W116","W81",0.554958351345265,0,0
"370","W116","W115",0.422762851694031,0,0
"371","W116","W118",0.444198327073811,-0.166666666666667,-2
"372","W116","G40",0.348652073411289,-1.08333333333333,-13
"373","W116","G42",0.178487708677686,0.0833333333333333,1
"374","W116","G45",0.232271778563316,-1.58333333333333,-19
"375","W116","G49",0.278052553052199,0.0833333333333333,1
"376","W116","G51",0.593390357136293,0,0
"377","W116","G53",0.412938417876596,0,0
"378","W116","G65",0.454473877952799,0,0
"379","W116","RV",0.239833200837061,0.0833333333333333,1
"380","W116","CDY",0.266540954260867,0.0833333333333333,1
"381","W116","KY",0.293320612021257,0.0833333333333333,1
"382","W116","HY",0.21329171596744,0.0833333333333333,1
"383","W116","GI",0.324681560578045,0.0833333333333333,1
"384","W116","GS",0.311299139598422,0.0833333333333333,1
"385","W116","GO",0.179324897087183,0.0833333333333333,1
"386","W116","NP",0.249113175500117,0.0833333333333333,1
"387","W116","DC",0.181322933742249,-0.166666666666667,-2
"388","W116","RVT",0.388873655761706,-0.166666666666667,-2
"389","W116","CDYT",0.397632909984835,-0.166666666666667,-2
"390","W116","KYT",0.385160579522663,-0.166666666666667,-2
"391","W116","HYT",0.420456870986306,-1.16666666666667,-14
"392","W116","GIT",0.381323511290685,-1.16666666666667,-14
"393","W116","GOT",0.384355844788281,-0.25,-3
"394","W116","NPT",0.385383639947412,-0.25,-3
"395","W116","DCT",0.379184819326182,-0.25,-3
"396","W116","Pu",0.754682738224694,-0.0833333333333333,-1
"397","W118","W60",0.173235528863701,-1.41666666666667,-17
"398","W118","W63",0.29452619768329,0.166666666666667,2
"399","W118","W67",0.349369030011764,0.166666666666667,2
"400","W118","W70",0.460029635564234,0,0
"401","W118","W73",0.31337778664297,0,0
"402","W118","W74",0.185527343161971,-0.666666666666667,-8
"403","W118","W78",0.341619956833457,0.166666666666667,2
"404","W118","W80",0.231464851130193,0.333333333333333,4
"405","W118","W81",0.298436161789633,0.166666666666667,2
"406","W118","W115",0.330374238200994,0.166666666666667,2
"407","W118","W116",0.444198327073811,0.166666666666667,2
"408","W118","G40",0.292528140473162,0.0833333333333333,1
"409","W118","G42",0.147255637364383,0.5,6
"410","W118","G45",0.23161346077917,-0.416666666666667,-5
"411","W118","G49",0.26167059977996,-0.416666666666667,-5
"412","W118","G51",0.277705512977696,1.16666666666667,14
"413","W118","G53",0.270750398687639,-0.416666666666667,-5
"414","W118","G65",0.324874713255722,1.16666666666667,14
"415","W118","RV",0.184313001361451,-0.833333333333333,-10
"416","W118","CDY",0.264575278472242,-0.833333333333333,-10
"417","W118","KY",0.229428080599782,0.25,3
"418","W118","HY",0.259805130105412,0.25,3
"419","W118","GI",0.242474487783495,0.25,3
"420","W118","GS",0.265931600837575,1.25,15
"421","W118","GO",0.200030823007433,0.25,3
"422","W118","NP",0.250733464635227,1.25,15
"423","W118","DC",0.219931072575118,1.25,15
"424","W118","RVT",0.401119222077346,1.08333333333333,13
"425","W118","CDYT",0.397138328670172,1.08333333333333,13
"426","W118","KYT",0.407301833557802,1.08333333333333,13
"427","W118","HYT",0.436950374340444,1.08333333333333,13
"428","W118","GIT",0.391608304124098,1.08333333333333,13
"429","W118","GOT",0.400285765225183,1.08333333333333,13
"430","W118","NPT",0.397482109142935,1.08333333333333,13
"431","W118","DCT",0.37893567565324,0.166666666666667,2
"432","W118","Pu",0.413478917204028,0.0833333333333333,1
"433","G40","W60",0.186159979235862,0,0
"434","G40","W63",0.308324916759319,1.16666666666667,14
"435","G40","W67",0.261618898287763,1.08333333333333,13
"436","G40","W70",0.341231149007371,0,0
"437","G40","W73",0.289545332967189,-0.0833333333333333,-1
"438","G40","W74",0.210361927319222,-0.833333333333333,-10
"439","G40","W78",0.293006971938571,1.08333333333333,13
"440","G40","W80",0.219201581775942,0.166666666666667,2
"441","G40","W81",0.278037015873517,1.16666666666667,14
"442","G40","W115",0.22786162732702,-0.0833333333333333,-1
"443","G40","W116",0.348652073411289,1.08333333333333,13
"444","G40","W118",0.292528140473162,-0.0833333333333333,-1
"445","G40","G42",0.183360042669671,0,0
"446","G40","G45",0.211445957947835,0,0
"447","G40","G49",0.23320511882606,0,0
"448","G40","G51",0.311447720363989,0.166666666666667,2
"449","G40","G53",0.224657701495102,0,0
"450","G40","G65",0.292566612768355,0.166666666666667,2
"451","G40","RV",0.214552608726337,0,0
"452","G40","CDY",0.234014431910424,0.166666666666667,2
"453","G40","KY",0.186969542174953,0.166666666666667,2
"454","G40","HY",0.163557878677513,0.166666666666667,2
"455","G40","GI",0.203449136954316,0,0
"456","G40","GS",0.204481179293704,0,0
"457","G40","GO",0.241087735628198,0,0
"458","G40","NP",0.191142205105537,-0.25,-3
"459","G40","DC",0.189859146960442,0,0
"460","G40","RVT",0.340569146458047,-0.0833333333333333,-1
"461","G40","CDYT",0.348258794515582,-0.0833333333333333,-1
"462","G40","KYT",0.350041379451945,-0.0833333333333333,-1
"463","G40","HYT",0.319028658308204,-0.0833333333333333,-1
"464","G40","GIT",0.337883453084162,-0.0833333333333333,-1
"465","G40","GOT",0.299496106105481,-0.0833333333333333,-1
"466","G40","NPT",0.364224176503771,-0.0833333333333333,-1
"467","G40","DCT",0.321345898401108,-0.0833333333333333,-1
"468","G40","Pu",0.345504922099396,1.08333333333333,13
"469","G42","W60",0.784502220815146,0,0
"470","G42","W63",0.264592714240035,-0.0833333333333333,-1
"471","G42","W67",0.182301533742285,-0.0833333333333333,-1
"472","G42","W70",0.170097618361319,1.58333333333333,19
"473","G42","W73",0.161193035348021,-1.66666666666667,-20
"474","G42","W74",0.672198107768387,0,0
"475","G42","W78",0.174787362388764,-0.0833333333333333,-1
"476","G42","W80",0.385728778412091,0,0
"477","G42","W81",0.189376594807205,-0.0833333333333333,-1
"478","G42","W115",0.178540138248199,1.58333333333333,19
"479","G42","W116",0.178487708677686,-0.0833333333333333,-1
"480","G42","W118",0.147255637364383,-0.5,-6
"481","G42","G40",0.183360042669671,0,0
"482","G42","G45",0.789323378472496,0,0
"483","G42","G49",0.687334053566675,0,0
"484","G42","G51",0.238277880228642,0,0
"485","G42","G53",0.525230601937762,0,0
"486","G42","G65",0.240151409224758,0,0
"487","G42","RV",0.237323331660708,0,0
"488","G42","CDY",0.251018688292273,0,0
"489","G42","KY",0.212848605167617,0,0
"490","G42","HY",0.164362640383147,-1.16666666666667,-14
"491","G42","GI",0.215175837357205,0,0
"492","G42","GS",0.183365101522222,1.66666666666667,20
"493","G42","GO",0.192849357378251,-1.16666666666667,-14
"494","G42","NP",0.184610917882357,-1.33333333333333,-16
"495","G42","DC",0.15982490658781,1.66666666666667,20
"496","G42","RVT",0.224631220865247,0.666666666666667,8
"497","G42","CDYT",0.223821807294435,-1.41666666666667,-17
"498","G42","KYT",0.221722584930981,0.583333333333333,7
"499","G42","HYT",0.214620518445859,0.666666666666667,8
"500","G42","GIT",0.224383536145992,0.666666666666667,8
"501","G42","GOT",0.23447611265007,-1.41666666666667,-17
"502","G42","NPT",0.225151258979238,-1.41666666666667,-17
"503","G42","DCT",0.222973672016794,0.583333333333333,7
"504","G42","Pu",0.236741029119336,-0.25,-3
"505","G45","W60",0.911919131324532,0,0
"506","G45","W63",0.351142273985264,-0.0833333333333333,-1
"507","G45","W67",0.259235732097685,-0.0833333333333333,-1
"508","G45","W70",0.168660546838502,1.58333333333333,19
"509","G45","W73",0.170107562588209,-1.5,-18
"510","G45","W74",0.720345946749275,0,0
"511","G45","W78",0.239736285494867,-0.0833333333333333,-1
"512","G45","W80",0.460277504149946,0,0
"513","G45","W81",0.267813861851806,-0.0833333333333333,-1
"514","G45","W115",0.220376733468095,1.58333333333333,19
"515","G45","W116",0.232271778563316,1.58333333333333,19
"516","G45","W118",0.23161346077917,0.416666666666667,5
"517","G45","G40",0.211445957947835,0,0
"518","G45","G42",0.789323378472496,0,0
"519","G45","G49",0.81080475357267,0,0
"520","G45","G51",0.323671575297804,0,0
"521","G45","G53",0.627713426192059,0,0
"522","G45","G65",0.346614548595454,0,0
"523","G45","RV",0.244524773236394,0,0
"524","G45","CDY",0.273051793213802,0,0
"525","G45","KY",0.230384311584155,0,0
"526","G45","HY",0.236290956977717,1.66666666666667,20
"527","G45","GI",0.230599551467683,0,0
"528","G45","GS",0.251626757379783,1.66666666666667,20
"529","G45","GO",0.19393849099309,-1.33333333333333,-16
"530","G45","NP",0.252965880053329,-1.33333333333333,-16
"531","G45","DC",0.263173182034346,1.66666666666667,20
"532","G45","RVT",0.308566373494135,-0.416666666666667,-5
"533","G45","CDYT",0.315241969246746,0.583333333333333,7
"534","G45","KYT",0.313820964762502,0.583333333333333,7
"535","G45","HYT",0.293032454297196,0.583333333333333,7
"536","G45","GIT",0.318771055159538,-0.416666666666667,-5
"537","G45","GOT",0.323827824771061,-0.416666666666667,-5
"538","G45","NPT",0.301420638408862,-1.41666666666667,-17
"539","G45","DCT",0.317798205157321,0.583333333333333,7
"540","G45","Pu",0.266380201591999,-1.08333333333333,-13
"541","G49","W60",0.771222269828277,0,0
"542","G49","W63",0.345424190654149,-0.0833333333333333,-1
"543","G49","W67",0.320852540195513,-0.0833333333333333,-1
"544","G49","W70",0.207755942018358,-0.5,-6
"545","G49","W73",0.159537839120174,0,0
"546","G49","W74",0.589081839710322,0,0
"547","G49","W78",0.336053064101733,-0.0833333333333333,-1
"548","G49","W80",0.368615680125794,0,0
"549","G49","W81",0.284391913626662,-0.0833333333333333,-1
"550","G49","W115",0.223882018733118,1.58333333333333,19
"551","G49","W116",0.278052553052199,-0.0833333333333333,-1
"552","G49","W118",0.26167059977996,0.416666666666667,5
"553","G49","G40",0.23320511882606,0,0
"554","G49","G42",0.687334053566675,0,0
"555","G49","G45",0.81080475357267,0,0
"556","G49","G51",0.32300596527591,0,0
"557","G49","G53",0.760811294753781,0,0
"558","G49","G65",0.341293919670718,0,0
"559","G49","RV",0.204990062065631,-0.333333333333333,-4
"560","G49","CDY",0.185913685099412,0.666666666666667,8
"561","G49","KY",0.244012436741172,-1.33333333333333,-16
"562","G49","HY",0.22543540835654,-0.333333333333333,-4
"563","G49","GI",0.212546392241926,0,0
"564","G49","GS",0.248425429173177,1.66666666666667,20
"565","G49","GO",0.190340795531605,0.666666666666667,8
"566","G49","NP",0.246735304579949,-1.33333333333333,-16
"567","G49","DC",0.250346283582896,1.66666666666667,20
"568","G49","RVT",0.348361987023404,-1.41666666666667,-17
"569","G49","CDYT",0.346938889216814,-1.41666666666667,-17
"570","G49","KYT",0.344295373917816,-1.41666666666667,-17
"571","G49","HYT",0.33092298817017,-1.41666666666667,-17
"572","G49","GIT",0.350010071545695,-1.41666666666667,-17
"573","G49","GOT",0.364661683759871,-1.41666666666667,-17
"574","G49","NPT",0.351541930806276,-1.41666666666667,-17
"575","G49","DCT",0.344888792831814,-1.41666666666667,-17
"576","G49","Pu",0.369581160221881,-0.0833333333333333,-1
"577","G51","W60",0.291090786137327,0,0
"578","G51","W63",0.39404710745791,0,0
"579","G51","W67",0.408051438312605,-0.0833333333333333,-1
"580","G51","W70",0.25180790910886,-0.166666666666667,-2
"581","G51","W73",0.243644684218254,-0.25,-3
"582","G51","W74",0.379089781582917,0,0
"583","G51","W78",0.437599082781929,-0.0833333333333333,-1
"584","G51","W80",0.38502601864476,0,0
"585","G51","W81",0.412155186315705,0,0
"586","G51","W115",0.354965294986764,0,0
"587","G51","W116",0.593390357136293,0,0
"588","G51","W118",0.277705512977696,-1.16666666666667,-14
"589","G51","G40",0.311447720363989,-0.166666666666667,-2
"590","G51","G42",0.238277880228642,0,0
"591","G51","G45",0.323671575297804,0,0
"592","G51","G49",0.32300596527591,0,0
"593","G51","G53",0.385960809647708,0,0
"594","G51","G65",0.680654607831784,0,0
"595","G51","RV",0.232393715242685,0,0
"596","G51","CDY",0.170669199853558,0.0833333333333333,1
"597","G51","KY",0.239273345279417,0,0
"598","G51","HY",0.198535205974095,0.0833333333333333,1
"599","G51","GI",0.347572294653218,0,0
"600","G51","GS",0.267647830590737,0,0
"601","G51","GO",0.188359271652101,0,0
"602","G51","NP",0.270591003863848,0.0833333333333333,1
"603","G51","DC",0.203845163680796,0,0
"604","G51","RVT",0.292366537069101,-0.25,-3
"605","G51","CDYT",0.300103193257867,-0.25,-3
"606","G51","KYT",0.290194183550329,-0.25,-3
"607","G51","HYT",0.307287113130078,-0.25,-3
"608","G51","GIT",0.290801917726202,-0.25,-3
"609","G51","GOT",0.278579205448076,-0.25,-3
"610","G51","NPT",0.286147093933081,-0.25,-3
"611","G51","DCT",0.279556839646123,-0.25,-3
"612","G51","Pu",0.594164899119681,-0.0833333333333333,-1
"613","G53","W60",0.618847564234677,0,0
"614","G53","W63",0.448695933203258,0,0
"615","G53","W67",0.396990236740594,0,0
"616","G53","W70",0.165781372689483,0.833333333333333,10
"617","G53","W73",0.179097225196001,-1.5,-18
"618","G53","W74",0.475164120818722,0,0
"619","G53","W78",0.438614339134043,-0.0833333333333333,-1
"620","G53","W80",0.39027693541695,0,0
"621","G53","W81",0.371743381991952,1,12
"622","G53","W115",0.23168979563776,-1.41666666666667,-17
"623","G53","W116",0.412938417876596,0,0
"624","G53","W118",0.270750398687639,0.416666666666667,5
"625","G53","G40",0.224657701495102,0,0
"626","G53","G42",0.525230601937762,0,0
"627","G53","G45",0.627713426192059,0,0
"628","G53","G49",0.760811294753781,0,0
"629","G53","G51",0.385960809647708,0,0
"630","G53","G65",0.36839171619749,0,0
"631","G53","RV",0.186833023396324,-1.33333333333333,-16
"632","G53","CDY",0.198277733930449,0.666666666666667,8
"633","G53","KY",0.230133211721375,-1.33333333333333,-16
"634","G53","HY",0.205627156053681,0.666666666666667,8
"635","G53","GI",0.210594001519879,-1.33333333333333,-16
"636","G53","GS",0.235796925772694,1.66666666666667,20
"637","G53","GO",0.194740117201409,0.666666666666667,8
"638","G53","NP",0.265233051965829,-1.33333333333333,-16
"639","G53","DC",0.211636778270283,1.66666666666667,20
"640","G53","RVT",0.369539663887997,-1.41666666666667,-17
"641","G53","CDYT",0.370148537085962,-1.41666666666667,-17
"642","G53","KYT",0.370593862086721,-1.41666666666667,-17
"643","G53","HYT",0.353758040863581,-1.41666666666667,-17
"644","G53","GIT",0.379767333730818,-1.41666666666667,-17
"645","G53","GOT",0.39222585965155,-1.41666666666667,-17
"646","G53","NPT",0.364914906802394,1.58333333333333,19
"647","G53","DCT",0.377978216165827,1.58333333333333,19
"648","G53","Pu",0.542736181017267,-0.0833333333333333,-1
"649","G65","W60",0.311084374539546,0,0
"650","G65","W63",0.337997804227018,-1.08333333333333,-13
"651","G65","W67",0.40256651954897,-0.0833333333333333,-1
"652","G65","W70",0.230382875404938,0,0
"653","G65","W73",0.203244928774343,0,0
"654","G65","W74",0.378982931373079,0,0
"655","G65","W78",0.455575069703031,-0.0833333333333333,-1
"656","G65","W80",0.35015916999187,0,0
"657","G65","W81",0.337278213431944,-1,-12
"658","G65","W115",0.283407917940918,0,0
"659","G65","W116",0.454473877952799,0,0
"660","G65","W118",0.324874713255722,-1.16666666666667,-14
"661","G65","G40",0.292566612768355,-0.166666666666667,-2
"662","G65","G42",0.240151409224758,0,0
"663","G65","G45",0.346614548595454,0,0
"664","G65","G49",0.341293919670718,0,0
"665","G65","G51",0.680654607831784,0,0
"666","G65","G53",0.36839171619749,0,0
"667","G65","RV",0.365418529035748,0,0
"668","G65","CDY",0.304196610024854,0,0
"669","G65","KY",0.33465563299624,0,0
"670","G65","HY",0.248416182105994,0,0
"671","G65","GI",0.448682318551487,0,0
"672","G65","GS",0.387645328647871,0,0
"673","G65","GO",0.259813445110963,0,0
"674","G65","NP",0.197014792201519,0.0833333333333333,1
"675","G65","DC",0.380925017237257,0,0
"676","G65","RVT",0.180893800821739,0.75,9
"677","G65","CDYT",0.184396072943951,0.75,9
"678","G65","KYT",0.1831496161685,0.75,9
"679","G65","HYT",0.184073018156149,-0.166666666666667,-2
"680","G65","GIT",0.17599985563555,0.75,9
"681","G65","GOT",0.173482343998257,0.75,9
"682","G65","NPT",0.187961830861366,0.75,9
"683","G65","DCT",0.168831957951116,0.75,9
"684","G65","Pu",0.497820382361173,-0.0833333333333333,-1
"685","RV","W60",0.215656924224846,0,0
"686","RV","W63",0.220926026560966,-0.0833333333333333,-1
"687","RV","W67",0.174488024151243,-0.0833333333333333,-1
"688","RV","W70",0.278258729573215,-0.0833333333333333,-1
"689","RV","W73",0.207562549244158,-0.0833333333333333,-1
"690","RV","W74",0.22588479806946,0,0
"691","RV","W78",0.191710188514525,-0.0833333333333333,-1
"692","RV","W80",0.224868567443402,0,0
"693","RV","W81",0.177181303841691,-0.0833333333333333,-1
"694","RV","W115",0.175849059999138,1,12
"695","RV","W116",0.239833200837061,-0.0833333333333333,-1
"696","RV","W118",0.184313001361451,0.833333333333333,10
"697","RV","G40",0.214552608726337,0,0
"698","RV","G42",0.237323331660708,0,0
"699","RV","G45",0.244524773236394,0,0
"700","RV","G49",0.204990062065631,0.333333333333333,4
"701","RV","G51",0.232393715242685,0,0
"702","RV","G53",0.186833023396324,1.33333333333333,16
"703","RV","G65",0.365418529035748,0,0
"704","RV","CDY",0.738109924014467,0,0
"705","RV","KY",0.789878505871386,0,0
"706","RV","HY",0.583646865904196,0,0
"707","RV","GI",0.738401594557217,0,0
"708","RV","GS",0.539103432403187,0,0
"709","RV","GO",0.590315676016653,0,0
"710","RV","NP",0.511708838455697,0,0
"711","RV","DC",0.415930595970625,0,0
"712","RV","RVT",0.218091283931314,0.916666666666667,11
"713","RV","CDYT",0.22228646927688,0.916666666666667,11
"714","RV","KYT",0.224787167282862,0.916666666666667,11
"715","RV","HYT",0.213503654505117,0.916666666666667,11
"716","RV","GIT",0.224601634622387,0.916666666666667,11
"717","RV","GOT",0.217761470782065,-0.0833333333333333,-1
"718","RV","NPT",0.208802944324002,-0.0833333333333333,-1
"719","RV","DCT",0.220016788751866,0.916666666666667,11
"720","RV","Pu",0.171730152960576,-0.75,-9
"721","CDY","W60",0.284952928638427,0,0
"722","CDY","W63",0.15326066998404,-0.0833333333333333,-1
"723","CDY","W67",0.148915178482599,-0.0833333333333333,-1
"724","CDY","W70",0.344777681806962,-0.0833333333333333,-1
"725","CDY","W73",0.241224454796126,-0.0833333333333333,-1
"726","CDY","W74",0.23331188849877,0,0
"727","CDY","W78",0.178230240086794,-0.0833333333333333,-1
"728","CDY","W80",0.248753424368316,0,0
"729","CDY","W81",0.178829948849205,0.333333333333333,4
"730","CDY","W115",0.143715839882291,-1,-12
"731","CDY","W116",0.266540954260867,-0.0833333333333333,-1
"732","CDY","W118",0.264575278472242,0.833333333333333,10
"733","CDY","G40",0.234014431910424,-0.166666666666667,-2
"734","CDY","G42",0.251018688292273,0,0
"735","CDY","G45",0.273051793213802,0,0
"736","CDY","G49",0.185913685099412,-0.666666666666667,-8
"737","CDY","G51",0.170669199853558,-0.0833333333333333,-1
"738","CDY","G53",0.198277733930449,-0.666666666666667,-8
"739","CDY","G65",0.304196610024854,0,0
"740","CDY","RV",0.738109924014467,0,0
"741","CDY","KY",0.764275518555031,0,0
"742","CDY","HY",0.654086418842965,0,0
"743","CDY","GI",0.634822923718133,0,0
"744","CDY","GS",0.529337179579985,0,0
"745","CDY","GO",0.574109991117643,0,0
"746","CDY","NP",0.538186144108592,0,0
"747","CDY","DC",0.407332677465052,0,0
"748","CDY","RVT",0.272072447743284,0.916666666666667,11
"749","CDY","CDYT",0.281698913402253,0.916666666666667,11
"750","CDY","KYT",0.274268439844294,0.916666666666667,11
"751","CDY","HYT",0.265923581131617,0.916666666666667,11
"752","CDY","GIT",0.274509962111012,0.916666666666667,11
"753","CDY","GOT",0.274071723123624,0.916666666666667,11
"754","CDY","NPT",0.269724255206322,0.916666666666667,11
"755","CDY","DCT",0.275054037746259,0.916666666666667,11
"756","CDY","Pu",0.179331020011546,0.0833333333333333,1
"757","KY","W60",0.226452881078734,-1.66666666666667,-20
"758","KY","W63",0.190829367177379,-0.0833333333333333,-1
"759","KY","W67",0.202154413130232,-0.0833333333333333,-1
"760","KY","W70",0.278692678675826,-0.0833333333333333,-1
"761","KY","W73",0.257706163764763,-0.0833333333333333,-1
"762","KY","W74",0.193320878954054,0.166666666666667,2
"763","KY","W78",0.181171343777128,-0.0833333333333333,-1
"764","KY","W80",0.277703805522752,1.16666666666667,14
"765","KY","W81",0.186382307193233,-0.0833333333333333,-1
"766","KY","W115",0.225625348078212,-0.0833333333333333,-1
"767","KY","W116",0.293320612021257,-0.0833333333333333,-1
"768","KY","W118",0.229428080599782,-0.25,-3
"769","KY","G40",0.186969542174953,-0.166666666666667,-2
"770","KY","G42",0.212848605167617,0,0
"771","KY","G45",0.230384311584155,0,0
"772","KY","G49",0.244012436741172,1.33333333333333,16
"773","KY","G51",0.239273345279417,0,0
"774","KY","G53",0.230133211721375,1.33333333333333,16
"775","KY","G65",0.33465563299624,0,0
"776","KY","RV",0.789878505871386,0,0
"777","KY","CDY",0.764275518555031,0,0
"778","KY","HY",0.622172084746575,0,0
"779","KY","GI",0.74215294551389,0,0
"780","KY","GS",0.575629767903177,0,0
"781","KY","GO",0.545936539442934,0,0
"782","KY","NP",0.580315599095016,0,0
"783","KY","DC",0.387035752380485,0,0
"784","KY","RVT",0.232124056414923,0.916666666666667,11
"785","KY","CDYT",0.239613570518406,0.916666666666667,11
"786","KY","KYT",0.239914259610161,0.916666666666667,11
"787","KY","HYT",0.22936001619854,0.916666666666667,11
"788","KY","GIT",0.234814844250291,0.916666666666667,11
"789","KY","GOT",0.227738741261927,0.916666666666667,11
"790","KY","NPT",0.226464155195332,0.916666666666667,11
"791","KY","DCT",0.230314792692148,0.916666666666667,11
"792","KY","Pu",0.207613469301043,0.25,3
"793","HY","W60",0.173634978591608,0.333333333333333,4
"794","HY","W63",0.140984049900842,-0.75,-9
"795","HY","W67",0.130781591228899,-1,-12
"796","HY","W70",0.311020204299396,-0.0833333333333333,-1
"797","HY","W73",0.261550347420106,-0.0833333333333333,-1
"798","HY","W74",0.223104900204206,1.16666666666667,14
"799","HY","W78",0.130982262358483,-0.0833333333333333,-1
"800","HY","W80",0.225683025457832,1.16666666666667,14
"801","HY","W81",0.162058934884888,0.333333333333333,4
"802","HY","W115",0.16044792455249,-0.916666666666667,-11
"803","HY","W116",0.21329171596744,-0.0833333333333333,-1
"804","HY","W118",0.259805130105412,-0.25,-3
"805","HY","G40",0.163557878677513,-0.166666666666667,-2
"806","HY","G42",0.164362640383147,1.16666666666667,14
"807","HY","G45",0.236290956977717,-1.66666666666667,-20
"808","HY","G49",0.22543540835654,0.333333333333333,4
"809","HY","G51",0.198535205974095,-0.0833333333333333,-1
"810","HY","G53",0.205627156053681,-0.666666666666667,-8
"811","HY","G65",0.248416182105994,0,0
"812","HY","RV",0.583646865904196,0,0
"813","HY","CDY",0.654086418842965,0,0
"814","HY","KY",0.622172084746575,0,0
"815","HY","GI",0.491711795542851,0,0
"816","HY","GS",0.308960470840019,0,0
"817","HY","GO",0.482320894304476,0,0
"818","HY","NP",0.621895042248388,0,0
"819","HY","DC",0.271651866246178,0,0
"820","HY","RVT",0.278393664527679,0.916666666666667,11
"821","HY","CDYT",0.266225586415459,0.916666666666667,11
"822","HY","KYT",0.280641959107799,0.916666666666667,11
"823","HY","HYT",0.271736299662168,0.916666666666667,11
"824","HY","GIT",0.28310151751615,0.916666666666667,11
"825","HY","GOT",0.266804314386887,0.916666666666667,11
"826","HY","NPT",0.262037799954574,0.916666666666667,11
"827","HY","DCT",0.277940980259602,0.916666666666667,11
"828","HY","Pu",0.185989995067745,0.25,3
"829","GI","W60",0.204282513393813,-1.66666666666667,-20
"830","GI","W63",0.272991322613182,-1.08333333333333,-13
"831","GI","W67",0.272962475018902,-0.0833333333333333,-1
"832","GI","W70",0.308561937401421,-0.0833333333333333,-1
"833","GI","W73",0.341473495301397,-0.0833333333333333,-1
"834","GI","W74",0.208597113204484,0,0
"835","GI","W78",0.320133094199058,-0.0833333333333333,-1
"836","GI","W80",0.204316160118452,0,0
"837","GI","W81",0.250830831857864,-0.0833333333333333,-1
"838","GI","W115",0.306539773663859,-0.0833333333333333,-1
"839","GI","W116",0.324681560578045,-0.0833333333333333,-1
"840","GI","W118",0.242474487783495,-0.25,-3
"841","GI","G40",0.203449136954316,0,0
"842","GI","G42",0.215175837357205,0,0
"843","GI","G45",0.230599551467683,0,0
"844","GI","G49",0.212546392241926,0,0
"845","GI","G51",0.347572294653218,0,0
"846","GI","G53",0.210594001519879,1.33333333333333,16
"847","GI","G65",0.448682318551487,0,0
"848","GI","RV",0.738401594557217,0,0
"849","GI","CDY",0.634822923718133,0,0
"850","GI","KY",0.74215294551389,0,0
"851","GI","HY",0.491711795542851,0,0
"852","GI","GS",0.594601799770297,0,0
"853","GI","GO",0.58053064560375,0,0
"854","GI","NP",0.466762055599718,0,0
"855","GI","DC",0.554565914227819,0,0
"856","GI","RVT",0.237376674156724,0.916666666666667,11
"857","GI","CDYT",0.2442487820811,0.916666666666667,11
"858","GI","KYT",0.242474867609628,0.916666666666667,11
"859","GI","HYT",0.242118236905986,0.916666666666667,11
"860","GI","GIT",0.240575014972354,0.916666666666667,11
"861","GI","GOT",0.252362455316709,-0.0833333333333333,-1
"862","GI","NPT",0.227502848235616,0.916666666666667,11
"863","GI","DCT",0.231312833769391,0.916666666666667,11
"864","GI","Pu",0.19090631887862,-1.16666666666667,-14
"865","GS","W60",0.248650217426765,-1.66666666666667,-20
"866","GS","W63",0.240158846905819,-0.0833333333333333,-1
"867","GS","W67",0.239960950651424,-0.0833333333333333,-1
"868","GS","W70",0.201723290832244,0,0
"869","GS","W73",0.246493715855742,-0.0833333333333333,-1
"870","GS","W74",0.182714499663728,-1.66666666666667,-20
"871","GS","W78",0.271416564420909,-0.0833333333333333,-1
"872","GS","W80",0.184163502957532,0,0
"873","GS","W81",0.226169645932007,-0.0833333333333333,-1
"874","GS","W115",0.211672071320047,1.16666666666667,14
"875","GS","W116",0.311299139598422,-0.0833333333333333,-1
"876","GS","W118",0.265931600837575,-1.25,-15
"877","GS","G40",0.204481179293704,0,0
"878","GS","G42",0.183365101522222,-1.66666666666667,-20
"879","GS","G45",0.251626757379783,-1.66666666666667,-20
"880","GS","G49",0.248425429173177,-1.66666666666667,-20
"881","GS","G51",0.267647830590737,0,0
"882","GS","G53",0.235796925772694,-1.66666666666667,-20
"883","GS","G65",0.387645328647871,0,0
"884","GS","RV",0.539103432403187,0,0
"885","GS","CDY",0.529337179579985,0,0
"886","GS","KY",0.575629767903177,0,0
"887","GS","HY",0.308960470840019,0,0
"888","GS","GI",0.594601799770297,0,0
"889","GS","GO",0.279796181568895,0,0
"890","GS","NP",0.262323229664711,0,0
"891","GS","DC",0.699836303305517,0,0
"892","GS","RVT",0.233157803603868,-0.0833333333333333,-1
"893","GS","CDYT",0.240892615504807,0.916666666666667,11
"894","GS","KYT",0.23568174990506,-0.0833333333333333,-1
"895","GS","HYT",0.236505204905279,-0.0833333333333333,-1
"896","GS","GIT",0.241413026320236,-0.0833333333333333,-1
"897","GS","GOT",0.264405149972029,-0.0833333333333333,-1
"898","GS","NPT",0.258820088721418,-0.0833333333333333,-1
"899","GS","DCT",0.22726966217737,-0.0833333333333333,-1
"900","GS","Pu",0.19455343262022,-0.166666666666667,-2
"901","GO","W60",0.179668267287452,1.16666666666667,14
"902","GO","W63",0.155306144633181,1.16666666666667,14
"903","GO","W67",0.141881075847713,-0.166666666666667,-2
"904","GO","W70",0.292071425328755,-0.0833333333333333,-1
"905","GO","W73",0.211023690329908,-0.0833333333333333,-1
"906","GO","W74",0.180925869918787,1.16666666666667,14
"907","GO","W78",0.166944922541096,-0.166666666666667,-2
"908","GO","W80",0.17805121092412,0,0
"909","GO","W81",0.159201253928606,-0.0833333333333333,-1
"910","GO","W115",0.224289239587612,-0.0833333333333333,-1
"911","GO","W116",0.179324897087183,-0.0833333333333333,-1
"912","GO","W118",0.200030823007433,-0.25,-3
"913","GO","G40",0.241087735628198,0,0
"914","GO","G42",0.192849357378251,1.16666666666667,14
"915","GO","G45",0.19393849099309,1.33333333333333,16
"916","GO","G49",0.190340795531605,-0.666666666666667,-8
"917","GO","G51",0.188359271652101,0,0
"918","GO","G53",0.194740117201409,-0.666666666666667,-8
"919","GO","G65",0.259813445110963,0,0
"920","GO","RV",0.590315676016653,0,0
"921","GO","CDY",0.574109991117643,0,0
"922","GO","KY",0.545936539442934,0,0
"923","GO","HY",0.482320894304476,0,0
"924","GO","GI",0.58053064560375,0,0
"925","GO","GS",0.279796181568895,0,0
"926","GO","NP",0.485026490830382,0,0
"927","GO","DC",0.396525012900308,0,0
"928","GO","RVT",0.228405465029235,-0.0833333333333333,-1
"929","GO","CDYT",0.243101385140463,-0.0833333333333333,-1
"930","GO","KYT",0.230151307733282,-0.0833333333333333,-1
"931","GO","HYT",0.22814049796861,-0.0833333333333333,-1
"932","GO","GIT",0.234132899395314,-0.0833333333333333,-1
"933","GO","GOT",0.248303629050905,-0.0833333333333333,-1
"934","GO","NPT",0.221528006958642,-0.0833333333333333,-1
"935","GO","DCT",0.232546449006833,-0.0833333333333333,-1
"936","GO","Pu",0.164605125161886,0.25,3
"937","NP","W60",0.248958656324943,1.33333333333333,16
"938","NP","W63",0.186296694498878,0.25,3
"939","NP","W67",0.18731017947139,0.25,3
"940","NP","W70",0.328911503292898,-0.0833333333333333,-1
"941","NP","W73",0.191776093109004,-0.166666666666667,-2
"942","NP","W74",0.229488607751469,1.33333333333333,16
"943","NP","W78",0.179578770388724,1.25,15
"944","NP","W80",0.234959710552683,1.16666666666667,14
"945","NP","W81",0.248575840047679,0.333333333333333,4
"946","NP","W115",0.204681850782324,-0.0833333333333333,-1
"947","NP","W116",0.249113175500117,-0.0833333333333333,-1
"948","NP","W118",0.250733464635227,-1.25,-15
"949","NP","G40",0.191142205105537,0.25,3
"950","NP","G42",0.184610917882357,1.33333333333333,16
"951","NP","G45",0.252965880053329,1.33333333333333,16
"952","NP","G49",0.246735304579949,1.33333333333333,16
"953","NP","G51",0.270591003863848,-0.0833333333333333,-1
"954","NP","G53",0.265233051965829,1.33333333333333,16
"955","NP","G65",0.197014792201519,-0.0833333333333333,-1
"956","NP","RV",0.511708838455697,0,0
"957","NP","CDY",0.538186144108592,0,0
"958","NP","KY",0.580315599095016,0,0
"959","NP","HY",0.621895042248388,0,0
"960","NP","GI",0.466762055599718,0,0
"961","NP","GS",0.262323229664711,0,0
"962","NP","GO",0.485026490830382,0,0
"963","NP","DC",0.209045484915492,0,0
"964","NP","RVT",0.246291702556159,0,0
"965","NP","CDYT",0.222042721628468,0,0
"966","NP","KYT",0.244323434871893,0,0
"967","NP","HYT",0.216998401483143,0.916666666666667,11
"968","NP","GIT",0.245003379007915,0,0
"969","NP","GOT",0.228483110632294,0.916666666666667,11
"970","NP","NPT",0.224930636643016,0.916666666666667,11
"971","NP","DCT",0.264285314873118,0,0
"972","NP","Pu",0.260409800715713,-0.75,-9
"973","DC","W60",0.245931492284557,-1.66666666666667,-20
"974","DC","W63",0.121907483167226,-0.0833333333333333,-1
"975","DC","W67",0.123536143810797,0.166666666666667,2
"976","DC","W70",0.185528902751718,-0.833333333333333,-10
"977","DC","W73",0.203035422902827,0,0
"978","DC","W74",0.260081539250186,1.16666666666667,14
"979","DC","W78",0.201505574392688,-0.0833333333333333,-1
"980","DC","W80",0.132882564093213,0,0
"981","DC","W81",0.153435132836644,-0.0833333333333333,-1
"982","DC","W115",0.153838246319806,-0.0833333333333333,-1
"983","DC","W116",0.181322933742249,0.166666666666667,2
"984","DC","W118",0.219931072575118,-1.25,-15
"985","DC","G40",0.189859146960442,0,0
"986","DC","G42",0.15982490658781,-1.66666666666667,-20
"987","DC","G45",0.263173182034346,-1.66666666666667,-20
"988","DC","G49",0.250346283582896,-1.66666666666667,-20
"989","DC","G51",0.203845163680796,0,0
"990","DC","G53",0.211636778270283,-1.66666666666667,-20
"991","DC","G65",0.380925017237257,0,0
"992","DC","RV",0.415930595970625,0,0
"993","DC","CDY",0.407332677465052,0,0
"994","DC","KY",0.387035752380485,0,0
"995","DC","HY",0.271651866246178,0,0
"996","DC","GI",0.554565914227819,0,0
"997","DC","GS",0.699836303305517,0,0
"998","DC","GO",0.396525012900308,0,0
"999","DC","NP",0.209045484915492,0,0
"1000","DC","RVT",0.203156891902366,-0.0833333333333333,-1
"1001","DC","CDYT",0.205682830945785,-0.0833333333333333,-1
"1002","DC","KYT",0.205899088189434,-0.0833333333333333,-1
"1003","DC","HYT",0.202796272801936,-0.0833333333333333,-1
"1004","DC","GIT",0.211743398903409,-0.0833333333333333,-1
"1005","DC","GOT",0.243052901607596,-0.0833333333333333,-1
"1006","DC","NPT",0.229656065038138,-0.0833333333333333,-1
"1007","DC","DCT",0.198917671996412,-0.0833333333333333,-1
"1008","DC","Pu",0.16765503462189,-0.916666666666667,-11
"1009","RVT","W60",0.280254913566902,0.416666666666667,5
"1010","RVT","W63",0.428928145743067,1.25,15
"1011","RVT","W67",0.408173062159047,0.25,3
"1012","RVT","W70",0.348021145841845,0.0833333333333333,1
"1013","RVT","W73",0.329052466590374,0,0
"1014","RVT","W74",0.213173522327107,0.333333333333333,4
"1015","RVT","W78",0.396986051588807,0.166666666666667,2
"1016","RVT","W80",0.352296454467371,-0.75,-9
"1017","RVT","W81",0.432332683814979,0.25,3
"1018","RVT","W115",0.287987528041472,0.0833333333333333,1
"1019","RVT","W116",0.388873655761706,0.166666666666667,2
"1020","RVT","W118",0.401119222077346,-1.08333333333333,-13
"1021","RVT","G40",0.340569146458047,0.0833333333333333,1
"1022","RVT","G42",0.224631220865247,-0.666666666666667,-8
"1023","RVT","G45",0.308566373494135,0.416666666666667,5
"1024","RVT","G49",0.348361987023404,1.41666666666667,17
"1025","RVT","G51",0.292366537069101,0.25,3
"1026","RVT","G53",0.369539663887997,1.41666666666667,17
"1027","RVT","G65",0.180893800821739,-0.75,-9
"1028","RVT","RV",0.218091283931314,-0.916666666666667,-11
"1029","RVT","CDY",0.272072447743284,-0.916666666666667,-11
"1030","RVT","KY",0.232124056414923,-0.916666666666667,-11
"1031","RVT","HY",0.278393664527679,-0.916666666666667,-11
"1032","RVT","GI",0.237376674156724,-0.916666666666667,-11
"1033","RVT","GS",0.233157803603868,0.0833333333333333,1
"1034","RVT","GO",0.228405465029235,0.0833333333333333,1
"1035","RVT","NP",0.246291702556159,0,0
"1036","RVT","DC",0.203156891902366,0.0833333333333333,1
"1037","RVT","CDYT",0.990487527156977,0,0
"1038","RVT","KYT",0.995987192586644,0,0
"1039","RVT","HYT",0.98252729434406,0,0
"1040","RVT","GIT",0.994638861498398,0,0
"1041","RVT","GOT",0.966198196006258,0,0
"1042","RVT","NPT",0.972878574637874,0,0
"1043","RVT","DCT",0.988183729424688,0,0
"1044","RVT","Pu",0.587367942903931,0.166666666666667,2
"1045","CDYT","W60",0.284276130662107,1.41666666666667,17
"1046","CDYT","W63",0.429095931100821,1.25,15
"1047","CDYT","W67",0.40768408455166,0.25,3
"1048","CDYT","W70",0.361033634017528,0,0
"1049","CDYT","W73",0.330463923964059,0,0
"1050","CDYT","W74",0.213327810359993,0.333333333333333,4
"1051","CDYT","W78",0.394704599332787,0.166666666666667,2
"1052","CDYT","W80",0.352219920933428,-0.75,-9
"1053","CDYT","W81",0.442636892098241,0.25,3
"1054","CDYT","W115",0.292370903985346,0.0833333333333333,1
"1055","CDYT","W116",0.397632909984835,0.166666666666667,2
"1056","CDYT","W118",0.397138328670172,-1.08333333333333,-13
"1057","CDYT","G40",0.348258794515582,0.0833333333333333,1
"1058","CDYT","G42",0.223821807294435,1.41666666666667,17
"1059","CDYT","G45",0.315241969246746,-0.583333333333333,-7
"1060","CDYT","G49",0.346938889216814,1.41666666666667,17
"1061","CDYT","G51",0.300103193257867,0.25,3
"1062","CDYT","G53",0.370148537085962,1.41666666666667,17
"1063","CDYT","G65",0.184396072943951,-0.75,-9
"1064","CDYT","RV",0.22228646927688,-0.916666666666667,-11
"1065","CDYT","CDY",0.281698913402253,-0.916666666666667,-11
"1066","CDYT","KY",0.239613570518406,-0.916666666666667,-11
"1067","CDYT","HY",0.266225586415459,-0.916666666666667,-11
"1068","CDYT","GI",0.2442487820811,-0.916666666666667,-11
"1069","CDYT","GS",0.240892615504807,-0.916666666666667,-11
"1070","CDYT","GO",0.243101385140463,0.0833333333333333,1
"1071","CDYT","NP",0.222042721628468,0,0
"1072","CDYT","DC",0.205682830945785,0.0833333333333333,1
"1073","CDYT","RVT",0.990487527156977,0,0
"1074","CDYT","KYT",0.99070088633114,0,0
"1075","CDYT","HYT",0.985036719340621,0,0
"1076","CDYT","GIT",0.988823420175323,0,0
"1077","CDYT","GOT",0.964390450651066,0,0
"1078","CDYT","NPT",0.969579043278611,0,0
"1079","CDYT","DCT",0.979096428201492,0,0
"1080","CDYT","Pu",0.588426201879143,0.166666666666667,2
"1081","KYT","W60",0.278417560865193,0.416666666666667,5
"1082","KYT","W63",0.428391092133815,1.25,15
"1083","KYT","W67",0.408294042449258,0.25,3
"1084","KYT","W70",0.343831498425134,0,0
"1085","KYT","W73",0.333429551688921,0,0
"1086","KYT","W74",0.213949040598784,0.333333333333333,4
"1087","KYT","W78",0.388481610049742,0.166666666666667,2
"1088","KYT","W80",0.35097059246513,0.25,3
"1089","KYT","W81",0.434298023688394,0.25,3
"1090","KYT","W115",0.285788043947774,0.0833333333333333,1
"1091","KYT","W116",0.385160579522663,0.166666666666667,2
"1092","KYT","W118",0.407301833557802,-1.08333333333333,-13
"1093","KYT","G40",0.350041379451945,0.0833333333333333,1
"1094","KYT","G42",0.221722584930981,-0.583333333333333,-7
"1095","KYT","G45",0.313820964762502,-0.583333333333333,-7
"1096","KYT","G49",0.344295373917816,1.41666666666667,17
"1097","KYT","G51",0.290194183550329,0.25,3
"1098","KYT","G53",0.370593862086721,1.41666666666667,17
"1099","KYT","G65",0.1831496161685,-0.75,-9
"1100","KYT","RV",0.224787167282862,-0.916666666666667,-11
"1101","KYT","CDY",0.274268439844294,-0.916666666666667,-11
"1102","KYT","KY",0.239914259610161,-0.916666666666667,-11
"1103","KYT","HY",0.280641959107799,-0.916666666666667,-11
"1104","KYT","GI",0.242474867609628,-0.916666666666667,-11
"1105","KYT","GS",0.23568174990506,0.0833333333333333,1
"1106","KYT","GO",0.230151307733282,0.0833333333333333,1
"1107","KYT","NP",0.244323434871893,0,0
"1108","KYT","DC",0.205899088189434,0.0833333333333333,1
"1109","KYT","RVT",0.995987192586644,0,0
"1110","KYT","CDYT",0.99070088633114,0,0
"1111","KYT","HYT",0.981500025024387,0,0
"1112","KYT","GIT",0.995970237974586,0,0
"1113","KYT","GOT",0.961948505684159,0,0
"1114","KYT","NPT",0.969131464935052,0,0
"1115","KYT","DCT",0.989600953949876,0,0
"1116","KYT","Pu",0.583624688216285,0.166666666666667,2
"1117","HYT","W60",0.269346985816422,1.41666666666667,17
"1118","HYT","W63",0.430567777097894,1.25,15
"1119","HYT","W67",0.411001555370981,0.25,3
"1120","HYT","W70",0.359853828082019,0,0
"1121","HYT","W73",0.326381213668455,0,0
"1122","HYT","W74",0.213379024301329,0.333333333333333,4
"1123","HYT","W78",0.410652365510854,0.166666666666667,2
"1124","HYT","W80",0.350714286071015,-0.75,-9
"1125","HYT","W81",0.445724620451277,0.25,3
"1126","HYT","W115",0.318441757676084,0.0833333333333333,1
"1127","HYT","W116",0.420456870986306,1.16666666666667,14
"1128","HYT","W118",0.436950374340444,-1.08333333333333,-13
"1129","HYT","G40",0.319028658308204,0.0833333333333333,1
"1130","HYT","G42",0.214620518445859,-0.666666666666667,-8
"1131","HYT","G45",0.293032454297196,-0.583333333333333,-7
"1132","HYT","G49",0.33092298817017,1.41666666666667,17
"1133","HYT","G51",0.307287113130078,0.25,3
"1134","HYT","G53",0.353758040863581,1.41666666666667,17
"1135","HYT","G65",0.184073018156149,0.166666666666667,2
"1136","HYT","RV",0.213503654505117,-0.916666666666667,-11
"1137","HYT","CDY",0.265923581131617,-0.916666666666667,-11
"1138","HYT","KY",0.22936001619854,-0.916666666666667,-11
"1139","HYT","HY",0.271736299662168,-0.916666666666667,-11
"1140","HYT","GI",0.242118236905986,-0.916666666666667,-11
"1141","HYT","GS",0.236505204905279,0.0833333333333333,1
"1142","HYT","GO",0.22814049796861,0.0833333333333333,1
"1143","HYT","NP",0.216998401483143,-0.916666666666667,-11
"1144","HYT","DC",0.202796272801936,0.0833333333333333,1
"1145","HYT","RVT",0.98252729434406,0,0
"1146","HYT","CDYT",0.985036719340621,0,0
"1147","HYT","KYT",0.981500025024387,0,0
"1148","HYT","GIT",0.977475476233158,0,0
"1149","HYT","GOT",0.970517726879329,0,0
"1150","HYT","NPT",0.974132256062278,0,0
"1151","HYT","DCT",0.963330597621894,0,0
"1152","HYT","Pu",0.597637085074666,0.166666666666667,2
"1153","GIT","W60",0.282751119874026,0.416666666666667,5
"1154","GIT","W63",0.426248123312682,1.25,15
"1155","GIT","W67",0.406750385964037,0.25,3
"1156","GIT","W70",0.344716078917152,0,0
"1157","GIT","W73",0.323197515132368,0,0
"1158","GIT","W74",0.215475991415482,0.333333333333333,4
"1159","GIT","W78",0.381244514956421,0.166666666666667,2
"1160","GIT","W80",0.354578368429145,0.25,3
"1161","GIT","W81",0.428587443005546,0.25,3
"1162","GIT","W115",0.281109286908783,0.0833333333333333,1
"1163","GIT","W116",0.381323511290685,1.16666666666667,14
"1164","GIT","W118",0.391608304124098,-1.08333333333333,-13
"1165","GIT","G40",0.337883453084162,0.0833333333333333,1
"1166","GIT","G42",0.224383536145992,-0.666666666666667,-8
"1167","GIT","G45",0.318771055159538,0.416666666666667,5
"1168","GIT","G49",0.350010071545695,1.41666666666667,17
"1169","GIT","G51",0.290801917726202,0.25,3
"1170","GIT","G53",0.379767333730818,1.41666666666667,17
"1171","GIT","G65",0.17599985563555,-0.75,-9
"1172","GIT","RV",0.224601634622387,-0.916666666666667,-11
"1173","GIT","CDY",0.274509962111012,-0.916666666666667,-11
"1174","GIT","KY",0.234814844250291,-0.916666666666667,-11
"1175","GIT","HY",0.28310151751615,-0.916666666666667,-11
"1176","GIT","GI",0.240575014972354,-0.916666666666667,-11
"1177","GIT","GS",0.241413026320236,0.0833333333333333,1
"1178","GIT","GO",0.234132899395314,0.0833333333333333,1
"1179","GIT","NP",0.245003379007915,0,0
"1180","GIT","DC",0.211743398903409,0.0833333333333333,1
"1181","GIT","RVT",0.994638861498398,0,0
"1182","GIT","CDYT",0.988823420175323,0,0
"1183","GIT","KYT",0.995970237974586,0,0
"1184","GIT","HYT",0.977475476233158,0,0
"1185","GIT","GOT",0.96692953712783,0,0
"1186","GIT","NPT",0.96754149105856,0,0
"1187","GIT","DCT",0.992767270989641,0,0
"1188","GIT","Pu",0.580432807014486,0.166666666666667,2
"1189","GOT","W60",0.294986010705186,1.41666666666667,17
"1190","GOT","W63",0.432617300979988,0.25,3
"1191","GOT","W67",0.415782840469705,0.25,3
"1192","GOT","W70",0.336984621459274,0,0
"1193","GOT","W73",0.294456943386682,0,0
"1194","GOT","W74",0.20454897880847,0.416666666666667,5
"1195","GOT","W78",0.38895610933895,0.166666666666667,2
"1196","GOT","W80",0.344681752448086,-0.75,-9
"1197","GOT","W81",0.431835963843144,0.25,3
"1198","GOT","W115",0.283565448505273,0.0833333333333333,1
"1199","GOT","W116",0.384355844788281,0.25,3
"1200","GOT","W118",0.400285765225183,-1.08333333333333,-13
"1201","GOT","G40",0.299496106105481,0.0833333333333333,1
"1202","GOT","G42",0.23447611265007,1.41666666666667,17
"1203","GOT","G45",0.323827824771061,0.416666666666667,5
"1204","GOT","G49",0.364661683759871,1.41666666666667,17
"1205","GOT","G51",0.278579205448076,0.25,3
"1206","GOT","G53",0.39222585965155,1.41666666666667,17
"1207","GOT","G65",0.173482343998257,-0.75,-9
"1208","GOT","RV",0.217761470782065,0.0833333333333333,1
"1209","GOT","CDY",0.274071723123624,-0.916666666666667,-11
"1210","GOT","KY",0.227738741261927,-0.916666666666667,-11
"1211","GOT","HY",0.266804314386887,-0.916666666666667,-11
"1212","GOT","GI",0.252362455316709,0.0833333333333333,1
"1213","GOT","GS",0.264405149972029,0.0833333333333333,1
"1214","GOT","GO",0.248303629050905,0.0833333333333333,1
"1215","GOT","NP",0.228483110632294,-0.916666666666667,-11
"1216","GOT","DC",0.243052901607596,0.0833333333333333,1
"1217","GOT","RVT",0.966198196006258,0,0
"1218","GOT","CDYT",0.964390450651066,0,0
"1219","GOT","KYT",0.961948505684159,0,0
"1220","GOT","HYT",0.970517726879329,0,0
"1221","GOT","GIT",0.96692953712783,0,0
"1222","GOT","NPT",0.970438587230392,0,0
"1223","GOT","DCT",0.950224639885817,0,0
"1224","GOT","Pu",0.594943692347378,0.166666666666667,2
"1225","NPT","W60",0.287650587153985,1.41666666666667,17
"1226","NPT","W63",0.418322528501307,-1.66666666666667,-20
"1227","NPT","W67",0.410689716107474,0.25,3
"1228","NPT","W70",0.333818462830302,0.0833333333333333,1
"1229","NPT","W73",0.291184253054285,1,12
"1230","NPT","W74",0.201129446718521,0.333333333333333,4
"1231","NPT","W78",0.393793275025339,0.166666666666667,2
"1232","NPT","W80",0.337932121365968,-0.75,-9
"1233","NPT","W81",0.432447644422645,0.25,3
"1234","NPT","W115",0.300133608152046,0.0833333333333333,1
"1235","NPT","W116",0.385383639947412,0.25,3
"1236","NPT","W118",0.397482109142935,-1.08333333333333,-13
"1237","NPT","G40",0.364224176503771,0.0833333333333333,1
"1238","NPT","G42",0.225151258979238,1.41666666666667,17
"1239","NPT","G45",0.301420638408862,1.41666666666667,17
"1240","NPT","G49",0.351541930806276,1.41666666666667,17
"1241","NPT","G51",0.286147093933081,0.25,3
"1242","NPT","G53",0.364914906802394,-1.58333333333333,-19
"1243","NPT","G65",0.187961830861366,-0.75,-9
"1244","NPT","RV",0.208802944324002,0.0833333333333333,1
"1245","NPT","CDY",0.269724255206322,-0.916666666666667,-11
"1246","NPT","KY",0.226464155195332,-0.916666666666667,-11
"1247","NPT","HY",0.262037799954574,-0.916666666666667,-11
"1248","NPT","GI",0.227502848235616,-0.916666666666667,-11
"1249","NPT","GS",0.258820088721418,0.0833333333333333,1
"1250","NPT","GO",0.221528006958642,0.0833333333333333,1
"1251","NPT","NP",0.224930636643016,-0.916666666666667,-11
"1252","NPT","DC",0.229656065038138,0.0833333333333333,1
"1253","NPT","RVT",0.972878574637874,0,0
"1254","NPT","CDYT",0.969579043278611,0,0
"1255","NPT","KYT",0.969131464935052,0,0
"1256","NPT","HYT",0.974132256062278,0,0
"1257","NPT","GIT",0.96754149105856,0,0
"1258","NPT","GOT",0.970438587230392,0,0
"1259","NPT","DCT",0.954420264523604,0,0
"1260","NPT","Pu",0.583303753585351,0.166666666666667,2
"1261","DCT","W60",0.276671795230501,0.416666666666667,5
"1262","DCT","W63",0.421315653902891,1.25,15
"1263","DCT","W67",0.408250903480161,0.25,3
"1264","DCT","W70",0.334060686250668,0,0
"1265","DCT","W73",0.318859227067325,0,0
"1266","DCT","W74",0.217898464367319,0.333333333333333,4
"1267","DCT","W78",0.374064420337214,0.166666666666667,2
"1268","DCT","W80",0.366415250831435,1.33333333333333,16
"1269","DCT","W81",0.422046673865472,0.25,3
"1270","DCT","W115",0.2701651577899,0,0
"1271","DCT","W116",0.379184819326182,0.25,3
"1272","DCT","W118",0.37893567565324,-0.166666666666667,-2
"1273","DCT","G40",0.321345898401108,0.0833333333333333,1
"1274","DCT","G42",0.222973672016794,-0.583333333333333,-7
"1275","DCT","G45",0.317798205157321,-0.583333333333333,-7
"1276","DCT","G49",0.344888792831814,1.41666666666667,17
"1277","DCT","G51",0.279556839646123,0.25,3
"1278","DCT","G53",0.377978216165827,-1.58333333333333,-19
"1279","DCT","G65",0.168831957951116,-0.75,-9
"1280","DCT","RV",0.220016788751866,-0.916666666666667,-11
"1281","DCT","CDY",0.275054037746259,-0.916666666666667,-11
"1282","DCT","KY",0.230314792692148,-0.916666666666667,-11
"1283","DCT","HY",0.277940980259602,-0.916666666666667,-11
"1284","DCT","GI",0.231312833769391,-0.916666666666667,-11
"1285","DCT","GS",0.22726966217737,0.0833333333333333,1
"1286","DCT","GO",0.232546449006833,0.0833333333333333,1
"1287","DCT","NP",0.264285314873118,0,0
"1288","DCT","DC",0.198917671996412,0.0833333333333333,1
"1289","DCT","RVT",0.988183729424688,0,0
"1290","DCT","CDYT",0.979096428201492,0,0
"1291","DCT","KYT",0.989600953949876,0,0
"1292","DCT","HYT",0.963330597621894,0,0
"1293","DCT","GIT",0.992767270989641,0,0
"1294","DCT","GOT",0.950224639885817,0,0
"1295","DCT","NPT",0.954420264523604,0,0
"1296","DCT","Pu",0.571211488819642,0.166666666666667,2
"1297","Pu","W60",0.285971772433042,1.08333333333333,13
"1298","Pu","W63",0.737438008947741,0.0833333333333333,1
"1299","Pu","W67",0.71555287407745,0.0833333333333333,1
"1300","Pu","W70",0.330704570593785,0.916666666666667,11
"1301","Pu","W73",0.248979036367809,-0.166666666666667,-2
"1302","Pu","W74",0.312624839560989,0.25,3
"1303","Pu","W78",0.622694883984659,0,0
"1304","Pu","W80",0.265052050742518,1,12
"1305","Pu","W81",0.699870666441748,0.0833333333333333,1
"1306","Pu","W115",0.36458037154703,-0.0833333333333333,-1
"1307","Pu","W116",0.754682738224694,0.0833333333333333,1
"1308","Pu","W118",0.413478917204028,-0.0833333333333333,-1
"1309","Pu","G40",0.345504922099396,-1.08333333333333,-13
"1310","Pu","G42",0.236741029119336,0.25,3
"1311","Pu","G45",0.266380201591999,1.08333333333333,13
"1312","Pu","G49",0.369581160221881,0.0833333333333333,1
"1313","Pu","G51",0.594164899119681,0.0833333333333333,1
"1314","Pu","G53",0.542736181017267,0.0833333333333333,1
"1315","Pu","G65",0.497820382361173,0.0833333333333333,1
"1316","Pu","RV",0.171730152960576,0.75,9
"1317","Pu","CDY",0.179331020011546,-0.0833333333333333,-1
"1318","Pu","KY",0.207613469301043,-0.25,-3
"1319","Pu","HY",0.185989995067745,-0.25,-3
"1320","Pu","GI",0.19090631887862,1.16666666666667,14
"1321","Pu","GS",0.19455343262022,0.166666666666667,2
"1322","Pu","GO",0.164605125161886,-0.25,-3
"1323","Pu","NP",0.260409800715713,0.75,9
"1324","Pu","DC",0.16765503462189,0.916666666666667,11
"1325","Pu","RVT",0.587367942903931,-0.166666666666667,-2
"1326","Pu","CDYT",0.588426201879143,-0.166666666666667,-2
"1327","Pu","KYT",0.583624688216285,-0.166666666666667,-2
"1328","Pu","HYT",0.597637085074666,-0.166666666666667,-2
"1329","Pu","GIT",0.580432807014486,-0.166666666666667,-2
"1330","Pu","GOT",0.594943692347378,-0.166666666666667,-2
"1331","Pu","NPT",0.583303753585351,-0.166666666666667,-2
"1332","Pu","DCT",0.571211488819642,-0.166666666666667,-2
