"","W60","W63","W67","W70","W73","W74","W78","W80","W81","W115","W116","W118"
"1",-0.0749460000001818,0.0100320000001375,0.0723809999999503,0.00836200000003373,-0.208275999999842,-0.148709999999937,-0.0567889999999807,0,0,-0.0301509999999325,-0.03531299999986,-0.13793099999998
"2",-0.139166999999816,-0.00628200000028301,0.0848060000000714,0.0985129999999117,-0.175161000000116,-0.41906199999994,-0.0307109999998829,0,0,0.00358899999991991,0.108437999999978,-0.86206900000002
"3",-0.127500000000055,0.00690500000018801,0.122802000000092,-0.318246000000272,-0.184305000000222,-0.221938000000137,-0.048488000000134,-0.22580599999992,0,-0.0136999999999716,0.0760780000000523,0
"4",-0.347500000000309,-0.218386999999893,0.116451999999981,-0.190967999999884,0.0367740000001504,-0.688032000000021,-0.0387100000000373,-0.225807000000259,0,-0.0799999999999272,-0.0564510000001519,0
"5",-0.21088699999973,-0.52806499999997,-0.468710000000101,0.100644999999986,0.392902999999933,-0.558709999999792,-0.316128999999819,-0.709676999999829,-1.5,-0.043871000000081,-0.0580649999999423,-0.129032000000052
"6",-0.0984880000000885,-0.88420300000007,-2.68960599999991,1.17325699999992,-0.283184999999776,0.235866999999871,-1.09667300000001,1.28629000000001,-6.16666699999996,0.213821000000053,-1.56999999999994,0.660282000000052
"7",-0.243750000000091,-1.61579699999993,-1.46749,0.756421000000046,0.900926999999683,-0.302318999999898,-0.606552000000192,-0.673386999999821,-2.33333300000004,-0.248014999999896,-0.44121199999995,0.813578000000007
"8",0.00395800000023883,0.00615100000004531,-0.651656000000003,-1.17415099999971,0.602990000000318,0.0795269999998709,-0.630322999999862,-1.28494600000022,0.966666999999916,-0.259104000000207,-0.441212000000178,-1.1114950000001
"9",-0.00708299999996598,0.12402099999963,0.261021000000028,-0.823520000000372,-0.808604000000287,0.116230000000087,-0.129231000000118,0.177083000000039,0.314583000000084,-1.01944399999979,-0.44121199999995,-0.764582999999902
"10",0.448588999999629,0.161979000000429,0.0489789999999175,0.00218700000004901,-0.293729999999869,0.366824000000179,-0.140768999999864,1.68958299999986,0.518749999999955,-0.240333000000192,0.476969000000054,-0.46875
"11",0.442036000000371,0.222563999999693,0.0197200000000066,-0.0899999999996908,-0.221622999999909,0.0461289999998371,-0.122258000000102,-0.0333329999998568,0.200000000000045,-0.294021999999813,0.378279999999904,0
"12",-0.161391000000094,0.233183000000281,0.0881759999999758,-0.202500000000327,-0.190272000000277,-0.00516100000004371,-0.0552419999999074,0,0.03125,-0.266582000000199,0.116825000000063,-0.5625
"13",0.402446999999938,0.195171999999729,0.0634370000000217,0.0693970000002082,-0.203438000000006,0.0203000000001339,-0.0469829999999547,0,0.825892999999951,-0.168200999999954,0.142941000000064,-0.4375
"14",-0.397305999999844,0.766285000000153,0.615313000000015,0.818909000000076,0.506563000000369,0.330344999999852,0.334482999999864,0.516129000000092,0.830357000000049,0.423493000000008,0.425072999999884,1.89655199999993
"15",-0.107292000000143,0.430644999999913,0.284687000000076,0.688064999999824,0.70483699999977,0.179999999999836,0.322581000000127,-0.0322580000001835,1.0625,0.634839000000056,0.894516000000067,-0.896551999999929
"16",-0.29583300000013,0.807671999999911,0.637812999999824,0.657067000000097,1.20328800000016,-0.65516099999968,0.389918999999963,-0.452620999999908,1.25,0.926743999999871,1.41528199999993,0.230769000000009
"17",-0.605242000000089,0.400392999999895,0.690000000000055,-0.953195999999934,0.244182999999794,-0.806452000000263,0.29395199999999,-0.611895000000004,0.916666999999961,0.0131250000001728,0.323427000000038,-0.230769000000009
"18",0.264617000000271,-2.18851799999993,-1.65875000000005,0.76038299999982,-2.63230799999974,0.791613000000325,-0.756452000000081,0.486895000000004,-7.26666699999987,-0.357187999999951,-0.789221999999882,1.55172399999992
"19",0.099898999999823,-1.03468799999973,-0.83156299999996,0.460000000000036,1.85281199999963,-0.200000000000273,-1.17499999999995,0.09375,-0.885294000000158,0.446874999999864,-2.216455,-0.114223999999922
"20",-0.0935479999998279,0.0557859999998982,0.112176999999974,-0.802318999999898,0.764980000000378,-0.129667000000154,-0.587903000000097,-0.935484000000088,0.235294000000067,-0.286975999999868,-0.676581000000169,-0.570832999999993
"21",-0.112601000000268,0.445463999999902,0.423448000000008,-0.967368000000079,-0.956230000000232,0.0674800000001596,-0.105846999999812,-0.0645159999999123,1,-0.919586000000209,0.300705999999991,-0.866667000000007
"22",-0.164818999999625,0.13170799999989,0.0945420000000468,-0.396771000000172,-0.586792000000059,0.356702999999925,-0.0745830000000751,0,0,-0.583520999999791,0.173208000000159,-0.833333000000039
"23",0.738709999999628,0.142042000000401,0.0998329999999896,-0.190728999999919,-0.371957999999722,0.107097000000067,-0.0785419999999704,0.65625,0.21875,-0.360229000000118,0.354916999999887,-0.166666999999961
"24",-0.0582660000000033,0.136562999999569,0.0928129999999783,-0.0696880000000419,-0.301562000000104,-0.106128999999783,-0.0281250000000455,0.0856850000000122,0.71875,-0.269688000000087,0.204688000000033,0
"25",0.0592670000000908,0.0528550000003634,0.0589970000000903,-0.0345829999996567,-0.317641000000094,0.0616589999999633,-0.0413790000000063,0.258064999999988,0.0625,-0.192025999999942,0.0956140000000687,-1
"26",-0.0248919999999089,0.0977699999998549,0.116627999999992,0.0523960000000443,-0.20954699999993,0.0859820000000582,-0.0023710000000392,0,0.21875,-0.134536000000026,0.155635999999959,0
"27",-0.605141000000003,-0.0131759999999304,0.123094000000037,-0.0368050000001858,-0.210786000000098,-0.265060000000176,-0.0239919999999074,-0.419354999999996,0.684475999999904,-0.0729939999998805,0.18232799999987,0
"28",-0.404234000000088,-0.113871000000017,0.154193999999961,-0.287096999999903,-0.17129100000011,-0.7365020000002,-0.0129030000000512,-0.419354999999996,0.0967740000000958,0.128063999999995,0.954194000000143,0
"29",0.00541700000030687,-0.437848999999915,0.0944409999999607,-0.108494000000064,-0.209214999999858,0.0311040000001412,-0.10935500000005,-0.861289999999826,-0.433332999999948,-0.0299250000000484,0.678623000000016,0.266667000000098
"30",0.238332999999784,-2.91791700000022,-2.33297900000002,0.876770999999735,-1.95857500000011,0.889521000000059,-0.9068749999999,1.43912999999975,-4.16041700000005,0.151417000000038,-2.27385500000014,1.0458329999999
"31",-0.565322999999808,-0.892620999999963,-1.95952699999998,0.302046000000246,1.07875800000011,-0.790253000000121,-2.125,-0.265445999999883,-1.56754000000001,0.425927000000001,-1.80767199999991,0.0423390000000836
"32",0.241935999999896,0.55553800000007,-0.250827999999956,-0.721484000000146,1.96215100000018,0.375398000000132,-0.878124999999955,-0.973684000000048,0.161290000000008,-0.665344000000005,-0.380472999999938,-1.08817199999999
"33",0.126511999999821,0.231770999999753,0.186916999999994,-0.605874999999742,-0.653542000000016,0.0679799999998068,-0.153125000000045,-0.34375,0,-2.62558300000001,0.280604999999923,-0.266667000000098
"34",0.208542000000307,0.244562000000315,0.102082999999993,-0.0117920000002414,-0.375125000000025,0.192020000000412,-0.0402080000001206,0.84375,0.866667000000007,-1.43041700000003,0.214394999999968,-0.5
"35",0.0843009999998685,0.141677000000072,0.042795999999953,-0.0931070000001455,-0.308968000000277,0.00879599999962011,0.0643010000001141,0,0.133332999999993,-0.18381700000009,0.228699000000006,-0.5
"36",0.0361749999997301,0.117510999999922,-0.105503999999883,-0.13635099999965,-0.309656999999788,0.0469960000000356,0.0321569999998701,0,0,-0.0917029999998249,0.11253099999999,0
"37",0.189409000000069,0.117455000000064,0.0961609999999382,0.108838999999989,-0.19294600000012,0.0868749999999636,0.0718750000000909,0,0,-0.00638400000002548,0.0827229999999872,0
"38",-0.119132999999692,0.0634219999997185,0.000633000000107131,0.127833999999893,-0.133202999999867,0.059545000000071,0.0250000000000909,0.0645159999999123,0,0.0232479999999669,0.12829499999998,0
"39",0.0580649999997149,0.0670960000002196,-0.00580600000012055,-0.0796770000001743,-0.105160999999953,0.115294000000176,0,0.483870999999908,0.0967740000000958,0.0161290000000918,0.0693539999999757,-0.77419400000008
"40",-0.25483899999972,0.242257999999765,0.18161299999997,0.393226000000141,0.706773999999768,-0.446774000000005,0.129031999999825,0.612903000000188,0.903225999999904,0.509677999999894,1.41000000000008,-0.22580599999992
"41",-0.490020000000186,0.485807000000023,0.140321999999969,0.0838709999998173,1.03419299999996,-0.481815000000097,0.216129000000137,-0.343108000000029,0,1.10935500000005,1.05871000000002,0.0322579999999562
"42",-0.219657000000097,-1.33999999999969,-0.908063999999968,0.891290000000026,-1.51677399999971,-0.00624999999990905,-0.561290000000099,-1.45454599999994,-1.74193500000001,-1.09483900000009,-0.167312000000038,1.70967700000006
"43",-0.227217999999993,-1.49258099999997,-1.56580699999995,-0.678063999999722,-0.117419000000154,-0.0362500000001091,-1.37741899999992,-0.331377999999859,-2.22580700000003,2.903548,-3.30166600000007,0.677419999999984
"44",-0.0372979999997369,-0.418978000000152,-1.12867699999993,-0.498527000000195,0.807494000000133,0.324314999999842,-0.639785000000074,-0.0322580000001835,-1.03225799999996,-0.409881000000041,-0.0729999999998654,-0.71935499999995
"45",0.367741999999907,0.193332999999711,0.0489999999999782,-0.709728999999697,-0.422958000000108,0.2441230000004,-0.26666699999987,0,0.34375,-2.80966699999999,0.663520999999946,-0.793750000000045
"46",0.448386999999911,0.235333000000082,0.152332999999999,-0.130270999999993,-0.360041999999794,0.136521999999786,-0.0266670000000886,0,0.65625,-1.35199999999986,0.193144999999959,-0.90625
"47",0.183669000000009,0.248377000000346,0.0834729999999126,-0.0185700000001816,-0.279010000000198,0.0747280000000501,0.042795999999953,0.75,0,-0.308129000000008,0.0907959999999548,0
"48",0.103427000000011,0.150977999999668,0.074818999999934,-0.105846999999812,-0.245323000000099,0.0349489999998696,0.0838710000000447,0.25,0.53125,-0.0701209999999719,0.0369960000000447,0
"49",0.186874999999873,0.140311999999994,0.0738580000002003,-0.0322840000003453,-0.180861999999706,0.0554059999999481,0.0724139999999807,0,0.46875,0.0010780000000068,0.0675650000000587,0
"50",-0.0675200000000586,0.125484000000142,0.0929359999997814,0.182968999999957,0.100700999999844,0.124594000000343,0.0888760000000275,0,0,0.00367199999982404,0.662213000000065,-0.516129000000092
"51",-0.3923649999997,0.0729029999997692,0.124194000000216,-0.159999999999854,-0.14129099999991,-0.149387000000388,0.0387100000000373,0.0322580000001835,0,0.107333000000153,0.541291000000001,-0.483870999999908
"52",-0.259248000000298,0.0283870000002935,0.0877419999999347,-0.221611999999823,-0.277742000000217,-0.600934999999936,0.00967700000001059,-0.0322580000001835,0,0.0409409999999752,0.250321999999869,0
"53",-0.6474189999999,-0.433547999999973,-0.0310220000001209,-0.308656000000155,0.0881939999999304,-0.0863979999999174,-0.176343999999972,-0.433332999999948,-0.0333330000000842,-0.394107000000076,0.17081700000017,0
"54",0.337742000000162,-0.607913000000281,-0.786457999999811,1.40864599999986,0.282316000000264,0.0316659999998592,-0.620833000000175,0.0270829999999478,-1.12291699999992,-0.716952999999876,-0.117520000000013,1.34375
"55",-0.342742000000271,-1.17208699999992,-1.3731650000002,0.234526000000187,1.4871619999999,0.156667000000198,-0.686693999999989,-0.496975999999904,-1.81149200000004,-0.770158000000038,-0.797490000000153,0.65625
"56",-0.00499999999965439,-0.485725999999886,-0.885710000000017,-0.0141720000001442,0.650188999999955,0.157333000000108,-0.682472999999845,0.169892999999774,-1.03225799999996,0.934443999999985,-0.225161500000013,-0.866667000000007
"57",0.870625000000018,0.482500000000073,0.413970000000063,-0.211575999999695,0.00572700000020632,0.411104999999679,-0.110000000000127,0.73333300000013,0.727272999999968,0.0554549999999381,-0.225161500000013,-0.67878799999994
"58",0.249374999999873,0.380000000000109,0.41896799999995,-0.0422160000002805,-0.275644000000284,0.0452290000002904,0.104166999999961,0,0.272727000000032,-0.294830000000047,0.172188000000006,-0.454545000000053
"59",0.089031999999861,0.1899999999996,0.241940999999997,0.073428000000149,-0.0540529999998398,0.0631069999999454,0.135226999999986,0,0.909090999999989,0.0048300000000836,0.419327000000067,0
"60",0.148387000000184,0.206154000000424,0.225757000000158,0.0196969999997236,-0.19090899999992,0.0212910000000193,0.11515200000008,0,0.0909090000000106,0.0884839999998803,0.21545500000002,0
"61",-0.0881330000001981,0.0988459999998668,0.25036399999999,0.042667000000165,-0.200455000000147,0.0608640000000378,0.165453999999954,0,0,0.137394000000086,0.119030000000066,0
"62",-0.0634799999997995,0.151667000000089,0.0932729999999538,0.128847999999834,-0.136515000000145,0.0752649999999448,0.107273000000077,0.303030000000035,0.818181999999979,0.108363999999938,0.270363999999972,0
"63",-0.422473000000082,0.124622999999701,0.172403999999915,0.312235000000328,0.316307000000052,-0.0625270000000455,0.108144000000038,0.696969999999965,0.181818000000021,0.136553000000049,0.578324000000066,-0.125
"64",-0.367849000000206,0.193557999999939,0.244262000000163,0.367158999999901,0.473692999999912,-0.783280000000104,1.39185599999996,-0.575757999999951,0,4.88193200000001,1.36864499999979,0.125
"65",0.903226000000359,0.390152000000398,0.606685999999854,1.01284099999975,1.78755700000011,0.396301000000221,1.09527600000001,0.861472000000049,0.970587999999907,2.54650599999991,0.854792000000089,0
"66",-1.59354900000017,-0.642273000000387,-0.502139999999827,-0.430416999999579,-0.6633139999999,-0.658236000000215,-0.922549000000117,-2.13571400000001,-1.30392099999995,-1.01438499999995,-0.735816999999997,1
"67",-0.190321999999924,-0.969393999999738,-1.01878800000009,-0.490606000000298,0.188939000000119,0.218396000000212,-1.32424199999991,0.0318179999999302,-1.63636399999996,-0.797446000000036,-2.50310799999988,-0.060606000000007
"68",-0.0815059999999903,0.15604200000007,0.101241000000073,-0.258315000000039,-0.656538000000182,-0.00869400000010501,-0.209090999999944,-0.181818000000021,0.0321969999999965,-0.465668999999934,0.216424999999845,-0.939393999999993
"69",0.242291999999907,0.254261000000042,0.325425999999879,-0.736836000000039,-0.700886000000082,0.437845999999809,0.0212119999998777,0,0.9375,-2.02567299999987,0.122557000000143,0
"70",0.494052000000011,0.270426999999927,0.26613599999996,-0.173825999999735,-0.540075999999772,0.0700630000001183,0.118787999999995,0.3125,0,-0.756515000000036,-0.0066190000000006,-0.633332999999993
"71",0.848387999999886,0.222300999999788,0.186447000000044,-0.0743560000000798,-0.327499999999873,0.123679000000266,0.0872730000000956,0.6875,0.969696999999996,-0.211667000000034,0.0205199999998058,-0.366667000000007
"72",0.0231850000000122,0.182424000000083,0.135598000000073,0.0709090000000288,-0.190303000000313,0.121954999999616,0.133332999999993,0,0.0303030000000035,-0.0924239999999372,0.0964020000001256,0
"73",-0.117917000000034,0.155545000000075,0.100455000000011,-0.0736360000000786,-0.185363999999936,-0.0733639999998559,0.102726999999959,0,0,-0.0782420000000457,-0.00315200000000004,0
"74",0.127292000000125,0.0986969999999019,0.208845999999994,0.0300000000002001,-0.154332999999951,0.136394000000109,0.0942430000000058,0,0,-0.0390310000000227,0.141939999999977,0
"75",-0.543958000000202,0.110841000000164,0.118412000000035,0.115913999999975,0.104194000000007,-0.345393999999942,0.113391999999976,0.370370000000094,0.483870999999908,0.179266999999982,1.5585329999999,0
"76",-0.596666999999798,-0.120746000000054,0.0843049999998584,-0.488831000000118,-0.553256000000147,-0.689519999999902,0.0381230000000414,-0.870370000000094,0.516129000000092,0.207409999999982,0.191694000000098,0
"77",-0.256452000000081,-0.334092999999939,-0.0149499999999989,-0.51794400000017,-0.271905999999944,0.0302519999995638,-0.0768330000000788,-0.5,-0.290322999999944,-0.387731999999914,-0.129914000000099,0
"78",-0.129031999999825,-0.82434400000011,-1.04585499999985,1.49419400000033,-0.592157000000043,0.0903220000000147,-0.794758000000002,0,-1.70967700000006,-2.08726799999999,-1.27508599999987,1.71875
"79",0.607359000000088,-0.857813000000078,-0.797008000000005,0.0596879999998237,2.77093800000011,0.0650510000000395,-0.78125,0,-1,-0.902813000000151,-1.22972200000004,0.28125
"80",-0.323487999999998,0.149253999999928,0.252217999999857,-0.197430000000168,0.880251999999928,0.402368000000024,-0.0497980000000098,0,0.354839000000084,0.728790000000117,0.204318999999941,-0.967742000000044
"81",0.370362999999998,0.367309000000205,0.353094999999939,-0.489757999999711,-1.03556500000013,0.208257000000231,0.149798000000146,0,0.645160999999916,0.719335000000001,0.710403000000042,-0.0322579999999562
"82",-0.0961690000003728,0.197561999999834,0.294002000000091,-0.0941130000001067,-0.465080999999827,0.100130999999692,0.198588999999856,0,0,0.190342999999984,0.0212100000001101,0
"83",0.819354000000203,0.193063000000166,0.2316229999999,0.126925999999912,-0.236793999999918,0.065483000000313,0.170161000000007,0.71875,0.3125,0.0709070000000338,0.0181649999999536,0
"84",0.398689999999988,0.177811999999903,0.1868750000001,0.164062000000285,-0.211561999999958,0.136885999999777,0.143750000000182,0.28125,0.6875,0.0618749999998727,0.594063000000006,-0.3125
"85",0.442133999999896,0.0764580000000024,0.192747000000054,0.381314999999631,0.269213000000036,0.188954000000194,0.0588359999999284,0.344827999999779,0,0.124181000000135,0.137682999999925,-0.135776000000078
"86",-0.251508999999714,0.4959530000001,0.224752999999964,1.15243499999997,1.12172400000009,0.350732999999764,0.18803899999989,0.655172000000221,0,0.485193999999865,0.169503999999961,0.542026000000078
"87",-0.111250000000382,0.158617000000049,0.28432399999997,1.25494000000026,0.702257999999802,-0.0129170000000158,0.171471999999994,0.161290000000008,0,0.491069000000152,0.621875000000045,-0.09375
"88",-0.3606249999998,0.229910000000018,0.640362999999979,0.439747999999781,1.07992999999988,-0.473645000000033,0.562903000000006,-0.0675400000000081,0.84375,1.86080599999991,1.26093800000012,0
"89",0.369657000000188,0.333315999999741,1.27479800000015,0.44670300000007,1.71845699999994,0.0909570000003441,0.798387000000048,0.0675400000000081,0.15625,2.90596800000003,1.27084799999989,1.11999999999989
"90",-0.425328000000263,-0.494253999999728,-0.438860000000204,-0.44670300000007,0.124355000000378,-0.842867000000297,0.0609879999999521,-0.786290000000008,-0.3125,0.0877820000000611,-1.30971699999986,1.44250000000011
"91",0.0962960000001658,-0.0990620000002309,0.0643750000001546,0.240937000000031,0.625313000000006,-0.0077779999996892,0.259375000000091,-0.53125,0.21875,-0.211875000000191,-0.942381000000069,0.5
"92",-0.264516000000185,0.1026710000001,0.264484999999922,-1.11004000000003,-1.57966800000031,0.0959374999997635,0.363507999999911,-0.5211690000001,0.513104999999996,-0.230100999999877,-0.108075000000099,-0.578629000000092
"93",-0.26451599999973,0.292015999999876,0.545515000000023,-0.516834999999901,-1.0659569999998,0.0959375000002183,0.227117000000135,0.2399190000001,0.580645000000004,-0.0580239999999321,0.597387000000026,0.0473790000000918
"94",0.0935479999998279,0.34733899999992,0.48513099999991,-0.197358999999778,-0.628881999999976,0.105866999999762,0.221270000000004,0.4375,0.483870999999908,0.0289920000000166,0.462289999999939,0.46875
"95",0.126108999999815,0.355473999999958,0.39049399999999,-0.125140999999985,-0.468618000000333,0.0619460000002618,0.222479999999905,0,0.516129000000092,-0.0399290000000292,-0.150351999999884,0
"96",0.302923000000192,0.241875000000164,0.239687000000004,-0.0446870000000672,-0.353749999999764,0.106763999999657,0.171875,0,0,-0.0246879999999692,-0.0397259999999733,-0.71875
"97",0.279785000000174,0.229479000000083,0.208292000000029,-0.0366880000001402,-0.286438000000089,0.130321999999978,0.181667000000061,0,0.700000000000045,0.0888749999999163,-0.113878999999997,-0.0145829999999023
"98",-0.292083000000275,0.164582999999766,0.164208000000144,-0.0380000000000109,-0.235749999999825,0.13385100000005,0.20270800000003,0,0.299999999999955,0.342687999999953,0.183604999999943,0.920832999999902
"99",0.134879000000183,0.113125000000309,0.177640999999994,0.463548000000173,-0.0818950000002587,0.242278000000169,0.0497159999999894,0.967741999999816,0,0.272085999999945,0.513578000000052,-1.1875
"100",-0.197947000000113,0.159687999999733,0.283296999999948,1.78989000000001,2.06533300000001,0.191936000000169,0.19090899999992,0.469758000000184,0,0.570414000000028,0.940171999999848,1.03125
"101",-0.311514999999872,1.71448499999997,2.148639,0.834626999999728,3.02531200000021,-0.466773999999987,1.40000000000009,-0.179435000000012,4,5.06281200000012,0.656081000000086,2.93649200000004
"102",-0.0629170000001977,-0.0653999999999542,2.106673,-1.11337699999967,-0.405624999999873,-0.60369000000037,2.2064519999999,-0.289314999999988,-2.29411800000003,-1.87531200000012,-0.75358099999994,0.126007999999956
"103",-0.078125,-0.352523000000019,-1.17250000000013,-0.775313000000097,-0.0228120000001582,-0.15343699999994,-0.687701999999945,-0.8125,-1.83088199999997,-1.23187499999995,-0.669374999999945,0.870535999999902
"104",-0.798957999999857,-0.0643350000000282,-0.811592999999903,-0.554214000000229,-0.21478900000011,0.297729000000345,-0.744556000000102,-0.15625,-0.423387000000048,-0.632489999999962,-1.00437500000021,-0.844286000000011
"105",0.845832999999857,0.540585000000192,0.632530999999972,0.60015199999998,-0.846388999999817,0.507270999999946,-0.0300760000000082,0.28125,0.767137000000048,0.0734270000000379,0.382500000000164,0.0412900000001173
"106",0.509375000000091,0.870060000000194,1.08585600000015,0.470816000000013,0.460904999999912,0.19535199999973,0.352656000000025,0.71875,1.16834700000004,0.659152999999833,1.0034169999999,0.0322579999999562
"107",-0.279939999999897,0.487439999999879,0.248205999999982,-0.405190999999832,-0.865351999999803,-0.100644999999986,0.184476000000132,0,0.67540299999996,-0.0372780000000148,-0.363730000000032,-0.568547999999964
"108",0.364314999999806,0.429063000000042,0.2043749999998,-0.0806250000000546,-0.679375000000164,-0.052831999999853,0.193749999999909,0,0.59375,-0.0303119999998671,-0.334999999999809,-0.625
"109",-0.147629000000052,0.236562000000049,0.12517200000002,-0.0337610000001405,-0.515873000000283,0.198394000000008,0.118103000000019,0,0.34375,0.109514999999874,-0.0292460000000574,0
"110",-0.194105000000036,0.0649999999995998,0.215766000000031,-0.0687389999998231,-0.335205999999744,-0.0884650000002694,0.166271999999935,0,0.129032000000052,-0.0607649999999467,0.0495590000000448,0
"111",0.438710000000356,0.152000000000044,0.166803999999956,0.0486390000000938,-0.263226000000031,0.360968000000412,0.124496000000136,0.0322580000001835,0.61290299999996,0.0385180000000673,-0.00718800000004194,-0.61290299999996
"112",-0.628226000000268,-0.00168699999994715,0.116321000000198,-0.251451999999972,0.669930000000022,-1.45246000000043,0.0817540000000463,-0.00100800000018353,0.258064999999988,0.107731999999942,0.170624999999973,-0.38709700000004
"113",0.376612999999907,0.0709770000003118,0.181097999999793,-0.0724190000000817,1.51555400000007,1.08536300000014,0.608568999999989,-0.03125,0.833333000000039,0.631945000000087,0.614334999999983,0.478260999999975
"114",-0.383870999999999,0.0537099999996826,-1.247973,0.750231999999869,-0.00867900000002919,-0.652580999999827,0.347680999999966,-0.125,-0.989583000000039,0.145866999999953,-0.931522000000086,1.42798900000003
"115",-0.473991999999726,-3.72633300000007,-2.00589799999989,0.314879000000019,0.290936999999758,-0.154344000000037,-0.487499999999955,0.0625,-1.84375,-0.493437000000085,-1.5474999999999,0.71875
"116",0.18044400000008,-0.0647959999996601,-0.50677399999995,-0.987692000000152,-0.0354839999999967,0.128537999999935,-0.221472000000176,-0.421370999999908,0.193547999999964,-1.05630099999985,-0.853882000000112,-1.39919400000008
"117",0.74143099999992,1.08673499999986,0.259233999999879,-0.0689290000000256,-1.08545299999969,0.395524000000023,0.0152219999999943,0.702620999999908,0.806452000000036,-0.426824000000124,0.0481330000000071,-0.60080599999992
"118",0.745664999999917,0.90616799999998,0.200121000000081,1.23054200000024,0.971904999999879,0.679959999999937,0.052520000000186,0.200604999999996,0.548387000000048,-0.139304999999922,0.637674000000061,-0.625
"119",-0.601290000000063,0.593851000000086,0.17206699999997,-0.608174999999846,-0.698155000000042,-0.307772000000114,0.081854999999905,-0.419354999999996,0.451612999999952,-0.13413300000002,0.076825000000099,0
"120",0.940000000000055,0.216875000000073,0.113125000000082,-0.145625000000109,-0.662187999999787,0.0577720000001136,0.0656249999999545,0.28125,0.34375,-0.0699999999999363,0.0428119999999126,0
"121",-0.741379000000052,0.164913999999953,0.155420000000049,-0.199192000000039,-0.440625000000182,-0.0407789999999295,0.106358,-0.28125,0.65625,0.0180819999998221,0.179094999999961,0
"122",0.42575399999987,0.374773999999888,0.24082999999996,0.997941999999966,0.335000000000036,0.592381999999816,0.224891999999954,0.6875,0.59375,0.997543000000178,0.790279999999939,1.21875
"123",-0.367707999999766,0.391844000000219,0.284363999999869,-0.190434000000096,0.378548000000137,-0.44031300000006,0.292237999999998,-0.3649190000001,0.535282000000052,0.346249999999827,0.463891000000103,-0.44455599999992
"124",0.398957999999766,0.371280999999726,0.249072999999953,-0.37237899999991,0.328639999999723,0.326563000000078,0.185887000000093,-0.286866999999802,0.527217999999948,-0.0934369999999944,0.20392199999992,-0.77419400000008
"125",1.45534300000008,0.925287000000026,0.685121000000208,0.554959999999937,1.41394100000025,1.33601799999997,0.504435000000058,0.544930999999906,0.474185000000034,0.82698500000015,0.744143000000122,2.77419400000008
"126",-1.43346799999972,1.40613900000017,0.626128999999992,-0.71058499999981,0.368870999999672,-1.49164299999984,1.04243999999994,-0.174395000000004,1.63879599999996,0.409889999999905,0.031481999999869,1.97580599999992
"127",-0.424597000000176,-1.2583010000003,-1.37406200000009,-1.47812500000009,-0.331249999999727,-0.760937999999896,-0.318749999999909,-0.53125,-4.14423099999999,-0.772187999999915,-1.17843799999991,0.15625
"128",0.232258000000002,-0.443760999999995,-0.302067000000079,-0.642902999999933,-2.04858899999999,-0.287096999999903,-0.252722000000176,-0.875,0.60080599999992,-0.658036000000038,-0.701753999999937,-0.90625
"129",0.0860889999999017,-0.222176999999647,0.283004000000119,-0.295847000000322,-0.997347999999874,0.0827219999996487,0.0683470000001307,0,0.77419400000008,-0.410088999999971,-0.231371000000081,-0.9375
"130",0.262298000000101,-0.284597000000304,0.169898999999987,0.00294400000029782,-0.642007000000376,0.0327620000002753,0.0510079999999107,0.387096999999812,0.0322579999999562,-0.220866999999998,-0.184434999999894,-0.0625
"131",-0.0935479999998279,-0.120402999999897,0.11885099999995,0.140805999999884,-0.340492999999697,0.0645159999999123,0.0146170000000438,0.612903000000188,0.436492000000044,-0.124445000000151,-0.186502000000019,-0.8125
"132",0.821874999999636,-0.0911670000000413,0.109063000000106,0.068438000000242,-0.311765000000378,0.261785000000145,0.0343749999999545,0,0.53125,-0.0671879999999874,-0.091562999999951,-0.1875
"133",-0.0667029999999613,-0.0601329999999507,0.152208999999857,0.125871999999617,-0.18078899999955,0.372208999999657,0.0290950000000976,0,0,0.0214440000002014,-0.0113330000001497,0.206897000000026
"134",-0.130171999999675,-0.0473289999999906,0.137942000000066,0.114884000000075,-0.119856000000254,1.51966600000014,0.044493999999986,0.6774190000001,0.516129000000092,-0.0223920000000817,0.0964940000001206,-0.271412999999939
"135",0.208333000000039,-0.026452000000063,0.150000000000091,0.214516000000003,-0.0538710000000719,0.533437000000049,0.0483870000000479,0.129032999999708,0.483870999999908,0.161935999999969,0.273474999999962,-0.838709999999992
"136",0.0604169999996884,-0.104918999999882,0.237660999999889,-0.0430849999997918,0.184193999999934,0.389063000000078,0.0498989999998685,-0.368951999999808,-0.0625,0.411824999999908,1.18136400000003,0.778225999999904
"137",1.35291700000016,0.648467999999866,1.54846799999996,0.697922999999719,2.45302400000037,0.808269999999993,0.21784300000013,-0.0504030000001876,0.965725999999904,0.559229000000187,0.427727499999946,1.59166699999992
"138",-0.923334000000068,0.896845000000212,0.729031999999961,0.601140000000214,0.936476999999741,-1.05108300000029,0.072781999999961,-0.137096999999812,-1.71804099999986,-0.222353999999996,0.427727499999946,0.715151000000105
"139",-0.720208000000184,-1.26937500000031,-2.20043499999997,-0.457812999999987,-0.0658300000000054,-0.775311999999758,-0.540625000000091,-0.5,-5.02893500000005,-0.0831250000001091,-0.406391999999869,0.418181999999888
"140",0.133542000000034,-0.466179999999895,-1.15956499999993,-0.737842999999884,-0.770970999999918,-0.39627100000007,-0.564415000000054,-0.266129000000092,0.1875,-0.363640000000032,-0.618095000000039,-0.599999999999909
"141",-0.202291999999943,0.293367000000217,0.242187999999942,-0.0643440000003466,-0.919675999999981,-0.841542000000118,-0.204334999999901,0.359879000000092,0.65625,-0.201442999999927,-0.381280000000061,-0.78125
"142",-0.502116999999998,0.439535999999862,0.113479000000098,0.181764000000385,-0.0762500000000728,-0.796996000000036,-0.0543749999999363,0.15625,0.400000000000091,-0.0373683333300505,-0.194688000000042,-0.21875
"143",-0.0258060000001024,0.188387000000148,0.104978000000074,0.058708999999908,-0.44214299999976,0.30806500000017,-0.0541940000000523,0,0.470967999999857,-0.037368333340055,-0.0995159999999942,-1
"144",-0.00957699999980832,0.086765000000014,0.125292999999829,0.0714020000000346,-0.442143000000215,0.330180999999811,-0.00705599999992046,0,0.097782000000052,-0.0373683333298231,-0.030170999999882,0
"145",0.203125,0.045893999999862,0.126821000000064,0.0575749999998152,-0.153989999999794,-0.279374999999618,-0.0325430000000324,0,0.100216000000046,0.0159770000000208,0.0239970000000085,-0.241379000000052
"146",-0.506249999999909,0.137341000000106,0.239822000000004,0.0287650000000212,-0.178176000000349,-0.3100000000004,0.0299219999999423,0,0.64071100000001,0.0159769999997934,0.379076999999825,-0.758620999999948
"147",-0.14041700000007,0.0519359999998414,0.129032000000052,-0.288708999999926,-0.198386999999911,-0.139332999999624,-0.0129030000000512,0,0.290322999999944,0.0159770000000208,0.07516099999998,0
"148",-1.0752080000002,-0.227742000000035,0.127741999999898,-0.454838999999993,0.747742000000017,-1.11504200000036,-0.0258069999999861,-0.6774190000001,0,-0.121478999999908,0.0222580000001926,0
"149",-0.51038299999982,-0.716409000000112,-0.246022000000039,-0.130688000000191,0.229764000000159,0.0589750000003733,0.0625810000001366,-1.05591400000003,-2.03333300000008,-0.142785000000003,-0.0605430000000524,0
"150",-0.167742000000089,-3.25601999999981,-2.42364499999985,-0.959603999999672,-0.595166999999947,-0.270850000000337,-1.01812500000005,-0.26666699999987,-3.15416699999992,-0.842728999999963,-2.98026299999992,0.741935000000012
"151",0.380000000000109,-1.70816999999988,-1.74065600000017,-0.581321000000116,-1.64298400000007,-0.103749999999764,-1.66058500000008,0,-1.52217700000006,-1.48416399999996,-1.73080600000003,0.869175999999925
"152",-0.0618180000001303,-0.0666965000000346,-0.75069899999994,-0.471409000000222,-1.15384900000026,0.375332999999955,-0.901290000000017,-0.833333000000039,-0.290322999999944,-2.88277400000015,-1.10752700000012,-1.30555549999985
"153",-0.305681999999706,-0.0666965000000346,0.071666999999934,0.00335500000028333,-0.545182999999724,0.206854999999905,-0.256875000000036,0.489583000000039,0,-0.66274999999996,0.395833000000039,-1.30555550000008
"154",0.40362899999991,0.258749999999964,0.0293330000001788,0.164978999999676,-0.311484000000291,0.171198999999888,-0.146457999999939,0.34375,0,-0.140582999999879,0.299166999999898,-0.266667000000098
"155",0.26824600000009,0.258749999999964,0.0209899999999834,0.0921070000003965,-0.16690299999982,0.0500510000001668,-0.0566670000000613,0,0,-0.0800220000000991,0.168656000000055,-0.733332999999902
"156",0.446874999999636,0.258749999999964,-0.00219800000013493,-0.0111490000003869,-0.12209699999994,0.0928119999998671,-0.0531249999999091,0.96875,0.65625,-0.0728320000000622,0.0812150000001566,0
"157",-0.213392999999996,0.0342860000000655,0.0183040000001711,-0.00205400000004374,-0.0635710000001382,0.0633930000003602,-0.046875,0.03125,0.34375,-0.0488840000000437,0.078461999999945,-0.0357140000000982
"158",0.0727679999999964,0.0637790000000678,0.0419580000000224,0.0699770000001081,-0.0262680000000728,0.0522320000000036,-0.00645200000008117,0,0,-0.00174099999981081,0.10322599999995,-0.964285999999902
"159",0.796471999999994,0.0648379999997815,0.0609679999997752,0.0583870000000388,0.101936000000023,0.449253999999655,-0.0129029999998238,0.916666999999961,0,0.0479729999999563,0.748387000000093,0
"160",-1.15584699999999,0.0235490000000027,0.065806000000066,-0.0512899999998808,0.27502400000003,-1.20706599999994,0.0870969999998579,-0.697916999999961,0,0.600967999999966,1.38741899999991,0.258064999999988
"161",-0.361249999999927,-0.0334519999996701,0.407506000000012,0.228354999999738,0.964212000000316,-0.284729999999854,0.487096999999949,0.0479169999998703,0,3.08419400000002,1.20870999999988,1.16129000000001
"162",-0.319999999999709,-1.64175000000023,-0.917979000000059,0.543500000000222,-1.12695800000029,0.241604999999709,-0.590322999999898,-1.26666699999987,-0.77419400000008,-1.9687100000001,-1.35935499999982,1.03225799999996
"163",0.153124999999818,-0.6786689999999,-0.918558999999959,-0.309918999999809,1.14449599999989,-0.0307659999998577,-0.806450999999925,0.903225999999904,-1.09677399999987,-1.39838699999996,-1.35548400000016,1.54838700000005
"164",0.735584999999901,-0.762248,-0.69446199999993,-0.530914000000394,-0.719203999999991,1.49095699999998,-0.658065000000079,-0.803225999999995,-0.129032000000052,-0.539225999999871,-0.830902999999807,-1.51851899999997
"165",1.92492600000014,0.138417000000118,0.0908329999999751,-0.0935419999996157,0.0512710000002699,0.58355900000015,-0.259375000000091,0.900000000000091,0,0.651937999999973,0.793312999999898,-0.418981000000031
"166",-1.72363600000017,0.250249999999596,0.237166999999999,0.152874999999767,0.128394999999728,-1.28368799999998,0.00604199999997945,0,0,0.391480999999885,0.776354000000083,-0.929167000000007
"167",0.0350000000003092,0.250355000000127,0.189043000000083,-0.0155159999999341,0.00211900000022069,-0.0385000000001128,0.053333000000066,0,0,0.141291000000138,0.237042999999858,-0.133332999999993
"168",0.316666999999597,0.229395000000295,0.131914999999935,-0.0801710000000639,-0.0780140000001666,-0.0999999999999091,0.0843750000001364,0,0.5,0.0556649999998626,0.0375400000000354,-0.3125
"169",0.284195000000182,0.195892999999614,0.117232000000058,0.0779010000001108,-0.0952239999996891,0.116982999999891,0.0763389999999617,0.5,0.5,0.0370540000001256,0.0269640000001345,-0.6875
"170",-0.117796999999882,0.159873000000061,0.10120599999982,0.0643620000000737,-0.0854720000002089,0.0651940000002469,0.0392859999999473,0.241935000000012,0,-0.0017520000001241,0.0238829999998416,0
"171",0.106451000000106,0.158065000000079,0.111905000000206,0.124681999999666,-0.0325809999999365,-0.136774000000059,0.0419349999999667,-0.0322580000001835,0,0.101290999999947,0.0793550000000778,0
"172",-0.820766000000276,0.00322499999992942,0.0855950000000121,-0.0583870000000388,0.0519359999998414,-0.676339999999982,0.0580649999999423,-0.451611999999841,0,0.134838000000173,0.471289999999954,0
"173",1.85625000000027,-0.0384730000000673,0.0797699999998258,0.390462000000298,1.7799030000001,1.87279199999966,-0.00666699999987941,0.608601999999792,0,1.25252699999987,0.858924999999999,1.79999999999995
"174",-2.09062500000027,-0.39233299999978,0.422105000000101,1.19972999999982,0.213624999999865,-1.86065899999994,-0.143332999999984,-0.741666999999779,-0.09375,0.79729199999997,-0.277603999999883,1.38750000000005
"175",0.0486900000000787,-1.30758100000003,0.449626999999964,-0.308579000000009,0.691310000000158,-0.081847999999809,-0.788710000000037,-0.8024190000001,-0.90625,-1.90272199999981,-1.56745000000001,1.10282299999994
"176",-0.254839000000175,0.162581000000046,0.462935000000016,0.36351599999989,0.439065000000028,-0.0818480000002637,0.196774999999889,0.577419000000191,0.266667000000098,1.66042999999991,0.687053999999989,1.4096770000001
"177",0.851319000000331,0.336562999999842,0.332750000000033,-0.864936999999827,-0.641000000000076,0.175938000000315,0.385685000000194,0.00624999999990905,0.733332999999902,0.187605000000076,0.401957999999922,-1.51250000000005
"178",0.00878799999964031,0.327103999999963,0.257583000000068,-0.114395999999942,-0.486332999999831,0.0637289999999666,0.336249999999836,0.09375,0,-0.11260500000003,0.162708000000066,-0.554167000000007
"179",0.672151000000213,0.286333000000013,0.233505999999807,-0.0290220000001682,-0.24302200000011,0.43242999999984,0.200645000000122,0,0.806452000000036,-0.147688000000016,0.08118300000001,-0.633332999999993
"180",0.741935000000012,0.23838700000033,0.182580000000144,0.0296780000003309,-0.179355000000214,0.81387100000029,0.206451999999899,0.258064999999988,0.193547999999964,-0.116774000000078,0.0670969999998761,0
"181",-0.529143000000204,0.19747499999994,0.152925999999979,0.0824359999996886,-0.0985309999996389,-0.289589000000433,0.181869000000006,0.638487000000168,0,0.0102670000001126,0.183903999999984,-0.931033999999954
"182",-0.393436999999722,0.167363999999907,0.143526000000065,0.0256280000003244,-0.125017000000298,-0.486539999999877,0.131034,-0.896552000000156,0,0.130055999999968,0.22222499999998,-0.0689660000000458
"183",0.28709600000002,0.11044099999981,0.116461999999956,0.0406129999996665,-0.146773999999823,-0.0516130000000885,0.103333000000021,0.433332999999948,0.533333000000084,0.168472999999949,0.157924999999977,0
"184",1.32580699999971,0.131494000000203,0.101601999999957,0.125839000000269,0.585484000000179,2.46838700000035,0.128924999999981,0.889247999999952,0.466666999999916,0.133784999999989,0.574656000000004,0
"185",1.55806400000029,0.272903999999926,0.177097000000003,0.438386999999693,1.80193499999996,1.61225799999966,0.309676999999965,0.290322000000288,0,0.36290299999996,0.970645000000104,0.645160999999916
"186",-3.20967700000028,-1.05677500000002,-0.934516000000031,0.28290300000026,-1.52494900000011,-3.08838699999978,0.300000000000182,-0.967742000000271,-1.03225799999996,-0.703225999999859,-0.445807000000059,0.967742000000044
"187",-0.72580599999992,-0.792579999999816,-1.14838699999996,0.44580599999972,0.544304000000011,-1.18451600000026,-0.745161000000053,-0.193547999999737,-1.48387100000014,-0.986129000000119,-0.692258000000038,2.0967740000001
"188",0.313010000000304,-0.201377000000321,-0.29646200000002,-1.01193499999999,-0.117097000000285,-0.922300999999607,-0.670107000000144,-0.484946000000036,-0.483870999999908,-0.74066700000003,-0.696235999999999,-0.543010000000095
"189",0.265416999999616,0.337667000000238,0.0709580000000187,-0.443749999999909,-0.493144999999913,0.213832999999795,-0.126666999999998,0.0333329999998568,0,0.194730000000163,0.556771000000026,-0.666666999999961
"190",0.384583000000021,0.309332999999697,0.0833749999999327,0.10308299999997,-0.302832999999737,0.58849999999984,0.0133330000001024,0.433332999999948,0,0.0696039999997993,0.216562000000067,-0.5
"191",0.0434410000002572,0.283732000000327,0.0940650000000005,0.316796000000068,0.324042999999619,0.404484000000139,0.0931189999998878,0.566667000000052,0,0.586978000000045,0.771612999999888,0.354839000000084
"192",0.0870970000000852,0.264192999999977,0.0980640000000221,0.172903000000133,-0.0658069999999498,0.690967999999884,0.0806450000000041,0,0.645160999999916,0.614516000000094,0.333548000000064,-0.354839000000084
"193",0.346129000000019,0.242075000000114,0.0835380000000896,0.22863499999994,0.0344300000001567,0.514548000000104,0.0729029999999966,0.0333329999998568,0.354839000000084,0.360505999999987,0.342505999999958,0
"194",-0.346129000000019,0.364053999999669,0.136461999999938,0.247494000000188,0.338472999999794,-1.18293499999982,0.146452000000181,-0.0333329999998568,0,0.840784999999869,0.241042999999991,0
"195",0.222796000000017,0.220968000000084,0.195537999999942,0.259172000000035,0.0298610000004373,0.419934999999896,0.146880999999894,0,0,0.0725480000000971,0.0999570000001313,0.0333330000000842
"196",1.23849399999972,0.616774000000078,0.763817000000017,1.66340899999977,1.82497799999965,2.92006499999979,0.675699000000122,1,0.3225809999999,1.3158390000001,1.26068800000007,1.902151
"197",-0.0225799999998344,0.971289999999954,0.462903000000097,0.228387000000112,1.92716800000017,-0.253549000000021,0.951612999999952,-0.806451999999808,0.548387000000048,0.530321999999842,-0.653549000000112,-0.354839000000084
"198",-2.09999999999991,-0.584838000000218,-1.07032200000003,0.316452000000027,0.584768000000167,-3.25903199999993,-0.409677000000102,-0.483871000000363,-1,-0.294838000000027,-1.43451600000003,0.516129000000092
"199",-0.122581000000082,-1.42195599999968,-1.05354899999998,-0.675392999999985,-0.10161300000027,-0.701612999999725,-0.667741999999862,-0.290321999999833,-1.03225799999996,-0.846451999999999,-2.12999999999988,0.523915999999872
"200",0.461289999999735,-0.259958000000097,-0.513183000000026,-0.483188000000155,-0.591935999999805,-0.299355000000105,-0.606559000000061,-0.352687999999944,-0.838709999999992,-0.740322999999989,-0.860321999999996,-0.520690000000059
"201",-0.0925399999996444,0.446207999999842,0.0680419999998776,-0.86462500000016,-1.15496900000016,0.050796999999875,-0.0904170000001159,-0.0666670000000522,0.34375,-0.247298000000001,0.384031999999934,-0.412499999999909
"202",0.364583000000039,0.338792000000012,0.099292000000105,-0.145708000000013,-0.838063000000147,-0.179646000000048,0.0670830000001388,0,0.65625,-0.377582999999959,0.0256669999998849,-0.6875
"203",-0.146236000000044,0.319817000000057,0.0432679999998982,0.0553650000001653,0.249806000000262,0.478527000000213,0.0911830000000009,0.22580599999992,0,-0.500279999999975,-0.0296989999999369,-0.419354999999996
"204",0.354837999999745,0.32548399999996,0.0848390000001018,0.077096999999867,-0.617095999999947,0.577418999999736,0.0903229999998985,0.77419400000008,0,-0.115483999999924,0.064192999999932,-0.129032000000052
"205",-0.0626250000000255,0.239031999999952,0.0780540000000656,-0.00543900000002395,-0.389400000000023,-0.159198999999717,0.0968850000001567,0,0,0.167097000000012,0.137598000000025,-0.2102339999999
"206",0.198108999999931,0.138065000000097,0.0274299999998675,-0.0190769999999247,-0.281245000000126,0.705650999999762,0.0385989999999765,0.22580599999992,0.46875,-0.244194000000107,0.114015000000109,-0.241379000000052
"207",-0.464085999999952,0.112602000000152,0.0614090000001397,0.0217200000001867,-0.162397999999939,-0.948065000000042,0.0796769999999469,-0.192473000000064,0.53125,-0.0604730000000018,0.116892999999891,0
"208",0.141505999999936,0.092881000000034,0.0779459999998835,0.866666999999779,0.966268000000127,0.588709999999992,0.107418999999936,0.224732000000131,0,0.438215000000127,1.40536500000007,1.64516099999992
"209",-0.138709999999719,-0.405806000000211,0.0690320000001066,-0.0941939999997885,1.18903299999965,-0.0806450000000041,0.341936000000032,-0.483870999999908,-0.0322579999999562,0.847419999999829,0.60354899999993,0.38709700000004
"210",-0.761289999999917,-1.40774199999987,-1.00903200000016,-0.228387000000112,-0.483548999999584,-0.996774999999616,-0.312903000000006,-0.838709999999992,-1.06451600000014,-1.12548399999991,-1.19451600000002,0.193547999999964
"211",0.235483999999815,-0.266129000000092,-0.668709999999919,0.0548389999999017,0.155483999999888,0.18612899999971,0.0548380000000179,0.580645000000004,-0.903225999999904,-1.02451599999995,-1.11387100000002,0.612904000000071
"212",-0.336989999999787,0.0971290000002227,-0.213226000000077,-0.687742000000071,-1.0299030000001,-0.426418999999896,0.278710000000046,-0.349462000000131,0.900000000000091,0.265364999999974,0.300139000000172,-0.572042999999894
"213",0.343541999999616,0.403687999999875,0.133448000000044,0.699547000000166,0.0641879999998309,0.410875000000033,0.131875000000036,1.05208300000004,0.0999999999999091,2.12929200000008,1.708167,0.577082999999902
"214",0.0064580000002934,0.473978999999872,0.158542000000125,-0.123395999999957,-0.169520999999804,-0.028208000000177,0.154791999999816,-0.21875,0,0.212707999999793,0.158167000000049,-0.377083000000084
"215",0.206343999999717,0.497462000000269,0.115429999999833,-0.0432479999999487,0.0820100000000821,-0.314311999999973,0.153978000000052,-0.0645159999999123,0.77419400000008,-0.072526999999809,-0.135183000000097,-0.466666999999916
"216",1.04969800000026,0.408558999999968,0.101613000000043,-0.0877310000000762,-0.287802000000283,0.700020000000222,0.150605000000041,0.0645159999999123,0.22580599999992,-0.0733060000000023,-0.124859000000015,-0.40625
"217",0.183481999999913,0.294597999999951,0.0670039999999972,0.08424100000002,-0.326874999999745,0.337410999999975,0.104464000000007,0.82142900000008,0,-0.0735710000001291,-0.0359820000001037,-0.558035999999902
"218",-0.87188900000001,0.268133000000034,0.0904150000001209,0.176070999999865,-0.0856450000001132,0.0396660000001248,0.12557599999991,-0.660139000000072,0,0.119781000000103,0.216002000000117,0.286866999999802
"219",0.119032000000061,0.201913999999761,0.0862039999999524,0.0730000000003201,-0.160354999999981,-0.112785000000258,0.0753770000001168,-0.161290000000008,0,-0.0477100000000519,0.179354999999987,-0.3225809999999
"220",-0.206129000000146,0.185183000000052,0.129601999999977,0.353451999999834,0.113902999999937,-0.0730220000000372,0.0955910000000131,0.3225809999999,0.548387000000048,0.0915809999999055,0.344194000000016,0
"221",-0.235483999999815,0.586129000000255,0.0845170000000053,0.635161000000153,1.23193600000013,-0.792257999999947,0.0935480000000553,-0.290322999999717,0.258064999999988,0.104516000000103,0.232903000000078,0.193547999999964
"222",-0.148387000000184,0.341612999999597,-0.510322999999971,0.42838699999993,-0.0148389999999381,0.3225809999999,-0.348387000000002,-0.193548000000192,-0.967742000000044,-0.214193999999907,-0.265806999999995,1.80645200000004
"223",-0.158065000000079,-0.170967999999903,-0.74967700000002,-0.500323000000208,-1.07838700000002,0.0338710000000901,-0.558064000000059,-0.307459999999992,-0.838709999999992,-0.681613000000198,-0.699031999999988,-0.5625
"224",0.344732000000022,0.584043000000293,-0.259119000000055,-0.543343999999706,1.33138699999972,-0.788172000000031,-0.14602200000013,0.368750000000091,0,0.0170430000000579,0.593741999999793,-0.4375
"225",-0.180417000000034,0.506541999999627,0.0948550000000523,-0.435707999999977,-0.239561999999751,0.78145799999993,0.0891670000000886,0.224999999999909,0,0.121980000000121,0.504625000000033,0
"226",0.517083000000184,0.376458000000184,0.145144999999957,-0.106625000000349,-0.394104999999854,0.185875000000124,0.110832999999957,-0.125,0,0.0970199999999295,0.196374999999989,-0.433332999999948
"227",-0.0900000000001455,0.423000000000229,0.118999999999915,0.264000000000124,-0.244000000000142,0.285333000000264,0.150000000000091,0.23333300000013,0.366667000000007,0.480000000000018,0.804000000000087,-0.400000000000091
